data_source,outcome_clean,transform_label,control_label,model,percent_effect,effect_pct,power,mean_att,mean_se,n_sims
NIBRS,agg_18,Raw,None,cs,0.5,-50,0,-11.7907954701476,21.2530384509257,200
NIBRS,agg_18,Raw,None,imputation,0.5,-50,0,-1.10334373311342,25.2184528035857,200
NIBRS,agg_18,Raw,None,cs,0.6,-40,0,-9.55412191348774,21.2889893056274,200
NIBRS,agg_18,Raw,None,imputation,0.6,-40,0,1.13332982354646,25.1353826640529,200
NIBRS,agg_18,Raw,None,cs,0.7,-30,0,-7.28046649570071,21.2518930183813,200
NIBRS,agg_18,Raw,None,imputation,0.7,-30,0,3.40698524133349,25.0583714842913,200
NIBRS,agg_18,Raw,None,cs,0.8,-20,0,-5.16647119652992,21.3189761714248,200
NIBRS,agg_18,Raw,None,imputation,0.8,-20,0,5.52098054050428,25.0173131877565,200
NIBRS,agg_18,Raw,None,cs,0.9,-10,0,-2.91931585950865,21.1827379908649,200
NIBRS,agg_18,Raw,None,imputation,0.9,-10,0,7.76813587752555,24.9950936437406,200
NIBRS,agg_18,Raw,None,cs,1,0,0,-0.944510220164563,21.1906059557172,200
NIBRS,agg_18,Raw,None,imputation,1,0,0,9.74294151686963,24.9942325303317,200
NIBRS,agg_18,Raw,None,cs,1.1,10,0,1.30947419690637,21.2148440299672,200
NIBRS,agg_18,Raw,None,imputation,1.1,10,0,11.9969259339406,25.0208674970681,200
NIBRS,agg_18,Raw,None,cs,1.2,20,0,2.79229032666064,21.204028781286,200
NIBRS,agg_18,Raw,None,imputation,1.2,20,0,13.4797420636948,25.0684699851241,200
NIBRS,agg_18,Raw,None,cs,1.3,30,0,5.55266422788907,21.3162819398629,200
NIBRS,agg_18,Raw,None,imputation,1.3,30,0,16.2401159649233,25.1436092873375,200
NIBRS,agg_18,Raw,None,cs,1.4,40,0,8.09137563666813,21.2864354046454,200
NIBRS,agg_18,Raw,None,imputation,1.4,40,0,18.7788273737023,25.2409631336516,200
NIBRS,agg_18,Raw,None,cs,1.5,50,0,10.4906587349417,21.4712400794539,200
NIBRS,agg_18,Raw,None,imputation,1.5,50,0,21.1781104719759,25.4417801884442,200
NIBRS,agg_18,IHS,None,cs,0.5,-50,0,-1.49062947360823,21.2105935516404,200
NIBRS,agg_18,IHS,None,imputation,0.5,-50,0,9.19682226342597,24.9917245415561,200
NIBRS,agg_18,IHS,None,cs,0.6,-40,0,-1.31695693181577,21.2347416225325,200
NIBRS,agg_18,IHS,None,imputation,0.6,-40,0,9.37049480521843,24.9905221645388,200
NIBRS,agg_18,IHS,None,cs,0.7,-30,0,-1.65389072769001,21.2528787053023,200
NIBRS,agg_18,IHS,None,imputation,0.7,-30,0,9.03356100934419,24.998370717555,200
NIBRS,agg_18,IHS,None,cs,0.8,-20,0,-1.01120544889789,21.2401194592126,200
NIBRS,agg_18,IHS,None,imputation,0.8,-20,0,9.67624628813631,24.9946463129827,200
NIBRS,agg_18,IHS,None,cs,0.9,-10,0,-1.11968272991512,21.2320332369928,200
NIBRS,agg_18,IHS,None,imputation,0.9,-10,0,9.56776900711908,24.9943238769487,200
NIBRS,agg_18,IHS,None,cs,1,0,0,-0.859183707340013,21.1572223553779,200
NIBRS,agg_18,IHS,None,imputation,1,0,0,9.82826802969418,24.9998182280994,200
NIBRS,agg_18,IHS,None,cs,1.1,10,0,-0.906279711482094,21.2428525892341,200
NIBRS,agg_18,IHS,None,imputation,1.1,10,0,9.7811720255521,25.00059993993,200
NIBRS,agg_18,IHS,None,cs,1.2,20,0,-0.576443844761074,21.2569715541528,200
NIBRS,agg_18,IHS,None,imputation,1.2,20,0,10.1110078922731,24.9836832804398,200
NIBRS,agg_18,IHS,None,cs,1.3,30,0,-0.82191437520746,21.1947205687502,200
NIBRS,agg_18,IHS,None,imputation,1.3,30,0,9.86553736182673,24.9934054094796,200
NIBRS,agg_18,IHS,None,cs,1.4,40,0,-0.804882867086094,21.1727628395816,200
NIBRS,agg_18,IHS,None,imputation,1.4,40,0,9.88256886994809,24.9975782273419,200
NIBRS,agg_18,IHS,None,cs,1.5,50,0,-1.47146765229914,21.2034408033171,200
NIBRS,agg_18,IHS,None,imputation,1.5,50,0,9.21598408473506,25.0096890754803,200
NIBRS,agg_18,Raw,Econ+Crime,cs,0.5,-50,1,-27.2965372706026,9.65454101338872,200
NIBRS,agg_18,Raw,Econ+Crime,imputation,0.5,-50,0.5,-31.4016153484694,16.7937636331139,200
NIBRS,agg_18,Raw,Econ+Crime,cs,0.6,-40,0.995,-21.6681625983766,8.36266997341367,200
NIBRS,agg_18,Raw,Econ+Crime,imputation,0.6,-40,0.5,-26.455844168003,16.85089890566,200
NIBRS,agg_18,Raw,Econ+Crime,cs,0.7,-30,0.77,-16.0827741150678,7.41931823279467,200
NIBRS,agg_18,Raw,Econ+Crime,imputation,0.7,-30,0.145,-21.5159908079072,16.9652211388243,200
NIBRS,agg_18,Raw,Econ+Crime,cs,0.8,-20,0.17,-10.2751853927821,6.83590257688933,200
NIBRS,agg_18,Raw,Econ+Crime,imputation,0.8,-20,0,-16.3585740426932,17.1153188204769,200
NIBRS,agg_18,Raw,Econ+Crime,cs,0.9,-10,0.005,-4.94262764348057,6.60361172129383,200
NIBRS,agg_18,Raw,Econ+Crime,imputation,0.9,-10,0,-11.5432876418042,17.322246722127,200
NIBRS,agg_18,Raw,Econ+Crime,cs,1,0,0.115,0.784574060970525,6.76618929419311,200
NIBRS,agg_18,Raw,Econ+Crime,imputation,1,0,0,-6.47331672981553,17.583323925305,200
NIBRS,agg_18,Raw,Econ+Crime,cs,1.1,10,0.46,6.32082802378033,7.31605842105445,200
NIBRS,agg_18,Raw,Econ+Crime,imputation,1.1,10,0,-1.48040560099953,17.8771364369891,200
NIBRS,agg_18,Raw,Econ+Crime,cs,1.2,20,0.495,12.0868331742469,8.08032073063734,200
NIBRS,agg_18,Raw,Econ+Crime,imputation,1.2,20,0,3.5427698886323,18.2148065806067,200
NIBRS,agg_18,Raw,Econ+Crime,cs,1.3,30,0.5,17.6222108581989,9.03833151968025,200
NIBRS,agg_18,Raw,Econ+Crime,imputation,1.3,30,0,8.2782236830131,18.5612348790115,200
NIBRS,agg_18,Raw,Econ+Crime,cs,1.4,40,0.5,23.7287270591923,10.3703476676905,200
NIBRS,agg_18,Raw,Econ+Crime,imputation,1.4,40,0.275,13.7452079084832,18.9745384585105,200
NIBRS,agg_18,Raw,Econ+Crime,cs,1.5,50,0.53,28.7497084891044,11.5796489494185,200
NIBRS,agg_18,Raw,Econ+Crime,imputation,1.5,50,0.5,18.3578330866185,19.3900387405019,200
NIBRS,agg_18,IHS,Econ+Crime,cs,0.5,-50,0.09,0.665682844983224,6.64919107160192,200
NIBRS,agg_18,IHS,Econ+Crime,imputation,0.5,-50,0,-Inf,17.7222180774652,200
NIBRS,agg_18,IHS,Econ+Crime,cs,0.6,-40,0.105,0.457799449860396,6.70586824585348,200
NIBRS,agg_18,IHS,Econ+Crime,imputation,0.6,-40,0,-Inf,17.740107712991,200
NIBRS,agg_18,IHS,Econ+Crime,cs,0.7,-30,0.155,0.510119002649378,6.74748599478629,200
NIBRS,agg_18,IHS,Econ+Crime,imputation,0.7,-30,0,-Inf,17.7475843766863,200
NIBRS,agg_18,IHS,Econ+Crime,cs,0.8,-20,0.12,0.708763111360587,6.77295087267057,200
NIBRS,agg_18,IHS,Econ+Crime,imputation,0.8,-20,0,-Inf,17.7529686139095,200
NIBRS,agg_18,IHS,Econ+Crime,cs,0.9,-10,0.1,0.743793649423348,6.7172961833984,200
NIBRS,agg_18,IHS,Econ+Crime,imputation,0.9,-10,0,-Inf,17.7553511118037,200
NIBRS,agg_18,IHS,Econ+Crime,cs,1,0,0.17,0.923039985770128,6.65674102315506,200
NIBRS,agg_18,IHS,Econ+Crime,imputation,1,0,0,-Inf,17.720126831369,200
NIBRS,agg_18,IHS,Econ+Crime,cs,1.1,10,0.12,0.623148303715885,6.72911812125599,200
NIBRS,agg_18,IHS,Econ+Crime,imputation,1.1,10,0,-Inf,17.7503407344993,200
NIBRS,agg_18,IHS,Econ+Crime,cs,1.2,20,0.205,1.08231666822629,6.6105637642025,200
NIBRS,agg_18,IHS,Econ+Crime,imputation,1.2,20,0,-Inf,17.744136871096,200
NIBRS,agg_18,IHS,Econ+Crime,cs,1.3,30,0.175,1.23034636905218,6.72876617558247,200
NIBRS,agg_18,IHS,Econ+Crime,imputation,1.3,30,0,-Inf,17.7320718578932,200
NIBRS,agg_18,IHS,Econ+Crime,cs,1.4,40,0.2,0.885147363744513,6.69715799883435,200
NIBRS,agg_18,IHS,Econ+Crime,imputation,1.4,40,0,-Inf,17.7659896756379,200
NIBRS,agg_18,IHS,Econ+Crime,cs,1.5,50,0.165,0.936753164259014,6.69490400752088,200
NIBRS,agg_18,IHS,Econ+Crime,imputation,1.5,50,0,-Inf,17.777879454458,200
NIBRS,agg_18,Raw,Econ+Crime+DV,cs,0.5,-50,0.75,-36.811775149537,17.0559242954493,200
NIBRS,agg_18,Raw,Econ+Crime+DV,imputation,0.5,-50,0.5,-19.109160258854,13.9362607893347,200
NIBRS,agg_18,Raw,Econ+Crime+DV,cs,0.6,-40,0.74,-30.3620870415509,13.9444692255512,200
NIBRS,agg_18,Raw,Econ+Crime+DV,imputation,0.6,-40,0.49,-13.219625304227,14.0819072294677,200
NIBRS,agg_18,Raw,Econ+Crime+DV,cs,0.7,-30,0.595,-23.2419345660874,11.4308806375604,200
NIBRS,agg_18,Raw,Econ+Crime+DV,imputation,0.7,-30,0.025,-7.27886228686341,14.29743683867,200
NIBRS,agg_18,Raw,Econ+Crime+DV,cs,0.8,-20,0.45,-17.1070240616698,9.52545486130964,200
NIBRS,agg_18,Raw,Econ+Crime+DV,imputation,0.8,-20,0,-1.22859271028583,14.5910237645466,200
NIBRS,agg_18,Raw,Econ+Crime+DV,cs,0.9,-10,0.185,-10.1955243032648,8.55891027742598,200
NIBRS,agg_18,Raw,Econ+Crime+DV,imputation,0.9,-10,0.13,4.81698293203841,14.9175865803268,200
NIBRS,agg_18,Raw,Econ+Crime+DV,cs,1,0,0.02,-2.8195354082445,8.0853027491763,200
NIBRS,agg_18,Raw,Econ+Crime+DV,imputation,1,0,0.5,10.7229681805138,15.3164036074606,200
NIBRS,agg_18,Raw,Econ+Crime+DV,cs,1.1,10,0.085,2.55307585497046,9.01737307667169,200
NIBRS,agg_18,Raw,Econ+Crime+DV,imputation,1.1,10,0.5,16.9812340244025,15.7090328271684,200
NIBRS,agg_18,Raw,Econ+Crime+DV,cs,1.2,20,0.19,9.90882793495759,10.7265219916189,200
NIBRS,agg_18,Raw,Econ+Crime+DV,imputation,1.2,20,0.5,22.7825438397653,16.1685808434807,200
NIBRS,agg_18,Raw,Econ+Crime+DV,cs,1.3,30,0.22,16.9644044582518,13.1411260937508,200
NIBRS,agg_18,Raw,Econ+Crime+DV,imputation,1.3,30,0.5,28.8093642798265,16.7542916327691,200
NIBRS,agg_18,Raw,Econ+Crime+DV,cs,1.4,40,0.26,23.0240440565567,15.7193107290333,200
NIBRS,agg_18,Raw,Econ+Crime+DV,imputation,1.4,40,0.5,34.617471813041,17.2585852999281,200
NIBRS,agg_18,Raw,Econ+Crime+DV,cs,1.5,50,0.325,29.6349478847372,18.5003780931037,200
NIBRS,agg_18,Raw,Econ+Crime+DV,imputation,1.5,50,0.5,40.6837314235366,17.8829761554628,200
NIBRS,agg_18,IHS,Econ+Crime+DV,cs,0.5,-50,0.045,-4.19539044772033,8.32066836221224,200
NIBRS,agg_18,IHS,Econ+Crime+DV,imputation,0.5,-50,0.5,10.3655690566204,15.2819159448615,200
NIBRS,agg_18,IHS,Econ+Crime+DV,cs,0.6,-40,0.06,-4.42714864042695,7.95720908623439,200
NIBRS,agg_18,IHS,Econ+Crime+DV,imputation,0.6,-40,0.5,10.4650196389109,15.2965973366508,200
NIBRS,agg_18,IHS,Econ+Crime+DV,cs,0.7,-30,0.075,-3.30806789518318,8.09345297751458,200
NIBRS,agg_18,IHS,Econ+Crime+DV,imputation,0.7,-30,0.5,10.6411207379231,15.2757525127832,200
NIBRS,agg_18,IHS,Econ+Crime+DV,cs,0.8,-20,0.06,-3.81493869951846,8.44589660475227,200
NIBRS,agg_18,IHS,Econ+Crime+DV,imputation,0.8,-20,0.5,10.6840170088434,15.274839626245,200
NIBRS,agg_18,IHS,Econ+Crime+DV,cs,0.9,-10,0.03,-3.55217689253768,8.47333091944568,200
NIBRS,agg_18,IHS,Econ+Crime+DV,imputation,0.9,-10,0.5,10.5762118740542,15.2693580258396,200
NIBRS,agg_18,IHS,Econ+Crime+DV,cs,1,0,0.04,-4.04468594197783,8.39287372921585,200
NIBRS,agg_18,IHS,Econ+Crime+DV,imputation,1,0,0.5,11.028862798332,15.3117697224035,200
NIBRS,agg_18,IHS,Econ+Crime+DV,cs,1.1,10,0.05,-3.19242746462166,8.30714525232284,200
NIBRS,agg_18,IHS,Econ+Crime+DV,imputation,1.1,10,0.5,10.8536702992943,15.2842859902363,200
NIBRS,agg_18,IHS,Econ+Crime+DV,cs,1.2,20,0.03,-3.21156118696692,8.38329329112695,200
NIBRS,agg_18,IHS,Econ+Crime+DV,imputation,1.2,20,0.5,10.9865031057184,15.2800500638612,200
NIBRS,agg_18,IHS,Econ+Crime+DV,cs,1.3,30,0.06,-3.85205956219847,8.07304219367008,200
NIBRS,agg_18,IHS,Econ+Crime+DV,imputation,1.3,30,0.5,11.0849463477002,15.2618668509403,200
NIBRS,agg_18,IHS,Econ+Crime+DV,cs,1.4,40,0.04,-3.16485758727766,8.05826531180985,200
NIBRS,agg_18,IHS,Econ+Crime+DV,imputation,1.4,40,0.5,11.124566866142,15.2834406209542,200
NIBRS,agg_18,IHS,Econ+Crime+DV,cs,1.5,50,0.04,-3.12736982824696,8.58218187876617,200
NIBRS,agg_18,IHS,Econ+Crime+DV,imputation,1.5,50,0.5,11.0630602059838,15.291068200656,200
NIBRS,agg_plus_sim_18,Raw,None,cs,0.5,-50,0.005,-139.53251826047,82.9084296059414,200
NIBRS,agg_plus_sim_18,Raw,None,imputation,0.5,-50,0,-104.371531145397,91.1619478109622,200
NIBRS,agg_plus_sim_18,Raw,None,cs,0.6,-40,0,-112.372356559196,78.7988784103541,200
NIBRS,agg_plus_sim_18,Raw,None,imputation,0.6,-40,0,-77.2113694441234,88.9720842551239,200
NIBRS,agg_plus_sim_18,Raw,None,cs,0.7,-30,0,-85.2650137742324,76.7861797912152,200
NIBRS,agg_plus_sim_18,Raw,None,imputation,0.7,-30,0,-50.1040266591596,87.1775762924117,200
NIBRS,agg_plus_sim_18,Raw,None,cs,0.8,-20,0,-59.0558062639379,75.4322982145888,200
NIBRS,agg_plus_sim_18,Raw,None,imputation,0.8,-20,0,-23.8948191488651,85.8312524834762,200
NIBRS,agg_plus_sim_18,Raw,None,cs,0.9,-10,0,-31.1912777079961,75.404787858179,200
NIBRS,agg_plus_sim_18,Raw,None,imputation,0.9,-10,0,3.96970940707671,85.1423921340144,200
NIBRS,agg_plus_sim_18,Raw,None,cs,1,0,0,-3.98847155736426,75.4257431246271,200
NIBRS,agg_plus_sim_18,Raw,None,imputation,1,0,0,31.1725155577085,84.8686718960502,200
NIBRS,agg_plus_sim_18,Raw,None,cs,1.1,10,0,23.8897409595744,75.6400725077934,200
NIBRS,agg_plus_sim_18,Raw,None,imputation,1.1,10,0,59.0507280746472,85.1939037433806,200
NIBRS,agg_plus_sim_18,Raw,None,cs,1.2,20,0,48.1925474478583,75.6717339152349,200
NIBRS,agg_plus_sim_18,Raw,None,imputation,1.2,20,0,83.3535345629311,86.0277441293711,200
NIBRS,agg_plus_sim_18,Raw,None,cs,1.3,30,0,76.5702774899898,77.1324457563099,200
NIBRS,agg_plus_sim_18,Raw,None,imputation,1.3,30,0.005,111.731264605063,87.1991625736044,200
NIBRS,agg_plus_sim_18,Raw,None,cs,1.4,40,0.015,103.148852036227,79.6452488986853,200
NIBRS,agg_plus_sim_18,Raw,None,imputation,1.4,40,0.05,138.3098391513,89.0797543665812,200
NIBRS,agg_plus_sim_18,Raw,None,cs,1.5,50,0.04,130.721092295906,85.715439288054,200
NIBRS,agg_plus_sim_18,Raw,None,imputation,1.5,50,0.225,165.882079410979,91.8142295381323,200
NIBRS,agg_plus_sim_18,IHS,None,cs,0.5,-50,0,-14.3561311583321,71.8324133589033,200
NIBRS,agg_plus_sim_18,IHS,None,imputation,0.5,-50,,Inf,,200
NIBRS,agg_plus_sim_18,IHS,None,cs,0.6,-40,0,-13.9414193453821,71.6967593725603,200
NIBRS,agg_plus_sim_18,IHS,None,imputation,0.6,-40,,Inf,,200
NIBRS,agg_plus_sim_18,IHS,None,cs,0.7,-30,0,-14.4838459360871,71.1557690837794,200
NIBRS,agg_plus_sim_18,IHS,None,imputation,0.7,-30,,Inf,,200
NIBRS,agg_plus_sim_18,IHS,None,cs,0.8,-20,0,-12.9619630827388,71.6304318506584,200
NIBRS,agg_plus_sim_18,IHS,None,imputation,0.8,-20,,Inf,,200
NIBRS,agg_plus_sim_18,IHS,None,cs,0.9,-10,0,-13.440819553361,71.3048468939546,200
NIBRS,agg_plus_sim_18,IHS,None,imputation,0.9,-10,,Inf,,200
NIBRS,agg_plus_sim_18,IHS,None,cs,1,0,0,-13.2916705666447,71.512262934091,200
NIBRS,agg_plus_sim_18,IHS,None,imputation,1,0,,Inf,,200
NIBRS,agg_plus_sim_18,IHS,None,cs,1.1,10,0,-12.4104082468084,71.4174400382415,200
NIBRS,agg_plus_sim_18,IHS,None,imputation,1.1,10,,Inf,,200
NIBRS,agg_plus_sim_18,IHS,None,cs,1.2,20,0,-14.4884883119888,71.5284166880565,200
NIBRS,agg_plus_sim_18,IHS,None,imputation,1.2,20,,Inf,,200
NIBRS,agg_plus_sim_18,IHS,None,cs,1.3,30,0,-14.4527341026842,71.9615185804704,200
NIBRS,agg_plus_sim_18,IHS,None,imputation,1.3,30,,Inf,,200
NIBRS,agg_plus_sim_18,IHS,None,cs,1.4,40,0,-13.1194219693205,71.5834507000051,200
NIBRS,agg_plus_sim_18,IHS,None,imputation,1.4,40,,Inf,,200
NIBRS,agg_plus_sim_18,IHS,None,cs,1.5,50,0,-13.807311069192,71.643083545071,200
NIBRS,agg_plus_sim_18,IHS,None,imputation,1.5,50,,Inf,,200
NIBRS,agg_plus_sim_18,Raw,Econ+Crime,cs,0.5,-50,1,-212.050391134615,61.2962436736102,200
NIBRS,agg_plus_sim_18,Raw,Econ+Crime,imputation,0.5,-50,0.5,-194.183598352714,91.8685444795921,200
NIBRS,agg_plus_sim_18,Raw,Econ+Crime,cs,0.6,-40,1,-168.260850670797,52.0477065427372,200
NIBRS,agg_plus_sim_18,Raw,Econ+Crime,imputation,0.6,-40,0.5,-155.353000173608,92.9530148142329,200
NIBRS,agg_plus_sim_18,Raw,Econ+Crime,cs,0.7,-30,1,-125.303977451738,43.0835619528681,200
NIBRS,agg_plus_sim_18,Raw,Econ+Crime,imputation,0.7,-30,0,-116.891720092707,94.5789367955772,200
NIBRS,agg_plus_sim_18,Raw,Econ+Crime,cs,0.8,-20,0.875,-83.1886827687584,35.4125804530307,200
NIBRS,agg_plus_sim_18,Raw,Econ+Crime,imputation,0.8,-20,0,-78.7343599191327,96.5206069548975,200
NIBRS,agg_plus_sim_18,Raw,Econ+Crime,cs,0.9,-10,0.17,-40.109829613916,30.3673374798408,200
NIBRS,agg_plus_sim_18,Raw,Econ+Crime,imputation,0.9,-10,0,-40.0971812837496,99.0303298881295,200
NIBRS,agg_plus_sim_18,Raw,Econ+Crime,cs,1,0,0.04,1.80539761607755,29.1524634370915,200
NIBRS,agg_plus_sim_18,Raw,Econ+Crime,imputation,1,0,0,-2.17945285741322,101.823421514518,200
NIBRS,agg_plus_sim_18,Raw,Econ+Crime,cs,1.1,10,0.49,46.302793623806,32.6385756545999,200
NIBRS,agg_plus_sim_18,Raw,Econ+Crime,imputation,1.1,10,0,37.3920373750559,104.985236512012,200
NIBRS,agg_plus_sim_18,Raw,Econ+Crime,cs,1.2,20,0.5,87.8188092862138,39.2034435186704,200
NIBRS,agg_plus_sim_18,Raw,Econ+Crime,imputation,1.2,20,0,74.8667862036524,108.392186923207,200
NIBRS,agg_plus_sim_18,Raw,Econ+Crime,cs,1.3,30,0.745,131.881543133162,47.4493986674349,200
NIBRS,agg_plus_sim_18,Raw,Econ+Crime,imputation,1.3,30,0.37,112.872968261293,112.174466205211,200
NIBRS,agg_plus_sim_18,Raw,Econ+Crime,cs,1.4,40,0.955,174.089093639592,56.8993784506489,200
NIBRS,agg_plus_sim_18,Raw,Econ+Crime,imputation,1.4,40,0.5,151.516862225936,116.195818669455,200
NIBRS,agg_plus_sim_18,Raw,Econ+Crime,cs,1.5,50,1,218.329591603415,66.5207709492274,200
NIBRS,agg_plus_sim_18,Raw,Econ+Crime,imputation,1.5,50,0.5,190.186203174032,120.407590624975,200
NIBRS,agg_plus_sim_18,IHS,Econ+Crime,cs,0.5,-50,0.03,3.27034662077395,38.3020042103972,200
NIBRS,agg_plus_sim_18,IHS,Econ+Crime,imputation,0.5,-50,,Inf,,200
NIBRS,agg_plus_sim_18,IHS,Econ+Crime,cs,0.6,-40,0.03,2.59126958677816,38.0189950778185,200
NIBRS,agg_plus_sim_18,IHS,Econ+Crime,imputation,0.6,-40,,Inf,,200
NIBRS,agg_plus_sim_18,IHS,Econ+Crime,cs,0.7,-30,0.03,2.94016532973196,37.9870121693611,200
NIBRS,agg_plus_sim_18,IHS,Econ+Crime,imputation,0.7,-30,,Inf,,200
NIBRS,agg_plus_sim_18,IHS,Econ+Crime,cs,0.8,-20,0.025,2.27080744220447,38.0294544245629,200
NIBRS,agg_plus_sim_18,IHS,Econ+Crime,imputation,0.8,-20,,Inf,,200
NIBRS,agg_plus_sim_18,IHS,Econ+Crime,cs,0.9,-10,0.035,2.40100666718093,38.0985084300174,200
NIBRS,agg_plus_sim_18,IHS,Econ+Crime,imputation,0.9,-10,,Inf,,200
NIBRS,agg_plus_sim_18,IHS,Econ+Crime,cs,1,0,0.03,0.225019696650964,38.430858582704,200
NIBRS,agg_plus_sim_18,IHS,Econ+Crime,imputation,1,0,,Inf,,200
NIBRS,agg_plus_sim_18,IHS,Econ+Crime,cs,1.1,10,0.015,1.66032251650815,38.0120353193338,200
NIBRS,agg_plus_sim_18,IHS,Econ+Crime,imputation,1.1,10,,Inf,,200
NIBRS,agg_plus_sim_18,IHS,Econ+Crime,cs,1.2,20,0.015,3.12700346052837,38.3064066418462,200
NIBRS,agg_plus_sim_18,IHS,Econ+Crime,imputation,1.2,20,,Inf,,200
NIBRS,agg_plus_sim_18,IHS,Econ+Crime,cs,1.3,30,0.04,2.69340053543647,37.7004053714907,200
NIBRS,agg_plus_sim_18,IHS,Econ+Crime,imputation,1.3,30,,Inf,,200
NIBRS,agg_plus_sim_18,IHS,Econ+Crime,cs,1.4,40,0.015,2.38170258382804,38.2214348419391,200
NIBRS,agg_plus_sim_18,IHS,Econ+Crime,imputation,1.4,40,,Inf,,200
NIBRS,agg_plus_sim_18,IHS,Econ+Crime,cs,1.5,50,0.04,3.38920184949243,37.8785441681028,200
NIBRS,agg_plus_sim_18,IHS,Econ+Crime,imputation,1.5,50,,Inf,,200
NIBRS,agg_plus_sim_18,Raw,Econ+Crime+DV,cs,0.5,-50,1,-288.018996080687,40.3136953816159,200
NIBRS,agg_plus_sim_18,Raw,Econ+Crime+DV,imputation,0.5,-50,0.5,-161.487586593941,87.4649454303949,200
NIBRS,agg_plus_sim_18,Raw,Econ+Crime+DV,cs,0.6,-40,1,-234.218544328331,34.0484315700351,200
NIBRS,agg_plus_sim_18,Raw,Econ+Crime+DV,imputation,0.6,-40,0.5,-120.368339464013,88.7881997434987,200
NIBRS,agg_plus_sim_18,Raw,Econ+Crime+DV,cs,0.7,-30,1,-180.084227029719,27.6302544736418,200
NIBRS,agg_plus_sim_18,Raw,Econ+Crime+DV,imputation,0.7,-30,0,-78.9216110691564,90.6849973850263,200
NIBRS,agg_plus_sim_18,Raw,Econ+Crime+DV,cs,0.8,-20,1,-127.115271131988,23.0797461386132,200
NIBRS,agg_plus_sim_18,Raw,Econ+Crime+DV,imputation,0.8,-20,0,-38.0606212206828,93.0110181646123,200
NIBRS,agg_plus_sim_18,Raw,Econ+Crime+DV,cs,0.9,-10,0.895,-73.6860768638815,20.3263550612608,200
NIBRS,agg_plus_sim_18,Raw,Econ+Crime+DV,imputation,0.9,-10,0,3.53072102861671,95.715425256557,200
NIBRS,agg_plus_sim_18,Raw,Econ+Crime+DV,cs,1,0,0.295,-19.2703223627502,20.43449768329,200
NIBRS,agg_plus_sim_18,Raw,Econ+Crime+DV,imputation,1,0,0,43.6122210899867,98.8458614611524,200
NIBRS,agg_plus_sim_18,Raw,Econ+Crime+DV,cs,1.1,10,0.46,33.5393861904708,24.253903798907,200
NIBRS,agg_plus_sim_18,Raw,Econ+Crime+DV,imputation,1.1,10,0.33,84.6281860205313,102.193372942367,200
NIBRS,agg_plus_sim_18,Raw,Econ+Crime+DV,cs,1.2,20,0.665,88.3956911172383,31.3417921374275,200
NIBRS,agg_plus_sim_18,Raw,Econ+Crime+DV,imputation,1.2,20,0.5,126.21126930403,106.001026963532,200
NIBRS,agg_plus_sim_18,Raw,Econ+Crime+DV,cs,1.3,30,0.845,138.853006837177,38.2767590854162,200
NIBRS,agg_plus_sim_18,Raw,Econ+Crime+DV,imputation,1.3,30,0.5,165.878790132566,109.750006563816,200
NIBRS,agg_plus_sim_18,Raw,Econ+Crime+DV,cs,1.4,40,0.91,194.966373408147,46.8344770079027,200
NIBRS,agg_plus_sim_18,Raw,Econ+Crime+DV,imputation,1.4,40,0.5,207.998174002701,114.062100788785,200
NIBRS,agg_plus_sim_18,Raw,Econ+Crime+DV,cs,1.5,50,0.965,252.443982456065,55.6438617943842,200
NIBRS,agg_plus_sim_18,Raw,Econ+Crime+DV,imputation,1.5,50,0.5,249.691611271884,118.6880334115,200
NIBRS,agg_plus_sim_18,IHS,Econ+Crime+DV,cs,0.5,-50,0.61,-50.3080997106219,25.2990075547761,100
NIBRS,agg_plus_sim_18,IHS,Econ+Crime+DV,imputation,0.5,-50,,Inf,,100
NIBRS,agg_plus_sim_18,IHS,Econ+Crime+DV,cs,0.6,-40,0.53,-49.3558507848466,24.7664532356146,100
NIBRS,agg_plus_sim_18,IHS,Econ+Crime+DV,imputation,0.6,-40,,Inf,,100
NIBRS,agg_plus_sim_18,IHS,Econ+Crime+DV,cs,0.7,-30,0.51,-46.3312130564867,24.3751009099084,100
NIBRS,agg_plus_sim_18,IHS,Econ+Crime+DV,imputation,0.7,-30,,Inf,,100
NIBRS,agg_plus_sim_18,IHS,Econ+Crime+DV,cs,0.8,-20,0.59,-45.8505404367922,24.7129690178343,100
NIBRS,agg_plus_sim_18,IHS,Econ+Crime+DV,imputation,0.8,-20,,Inf,,100
NIBRS,agg_plus_sim_18,IHS,Econ+Crime+DV,cs,0.9,-10,0.55,-46.9191348240905,25.2932167690769,100
NIBRS,agg_plus_sim_18,IHS,Econ+Crime+DV,imputation,0.9,-10,,Inf,,100
NIBRS,agg_plus_sim_18,IHS,Econ+Crime+DV,cs,1,0,0.58,-45.7315749172514,23.9912295939467,100
NIBRS,agg_plus_sim_18,IHS,Econ+Crime+DV,imputation,1,0,,Inf,,100
NIBRS,agg_plus_sim_18,IHS,Econ+Crime+DV,cs,1.1,10,0.58,-47.558446106902,24.1566491728453,100
NIBRS,agg_plus_sim_18,IHS,Econ+Crime+DV,imputation,1.1,10,,Inf,,100
NIBRS,agg_plus_sim_18,IHS,Econ+Crime+DV,cs,1.2,20,0.59,-48.1836593256161,23.681908698329,100
NIBRS,agg_plus_sim_18,IHS,Econ+Crime+DV,imputation,1.2,20,,Inf,,100
NIBRS,agg_plus_sim_18,IHS,Econ+Crime+DV,cs,1.3,30,0.53,-45.3988806959161,25.6042502058811,100
NIBRS,agg_plus_sim_18,IHS,Econ+Crime+DV,imputation,1.3,30,,Inf,,100
NIBRS,agg_plus_sim_18,IHS,Econ+Crime+DV,cs,1.4,40,0.61,-48.9598881977111,25.5120974131191,100
NIBRS,agg_plus_sim_18,IHS,Econ+Crime+DV,imputation,1.4,40,,Inf,,100
NIBRS,agg_plus_sim_18,IHS,Econ+Crime+DV,cs,1.5,50,0.57,-47.4152083429594,24.0937953657949,100
NIBRS,agg_plus_sim_18,IHS,Econ+Crime+DV,imputation,1.5,50,,Inf,,100
NIBRS,aggshare,Raw,None,cs,0.5,-50,1,-0.0496145907086704,0.0130904462190706,200
NIBRS,aggshare,Raw,None,imputation,0.5,-50,1,-0.0463292035545463,0.0167382106493879,200
NIBRS,aggshare,Raw,None,cs,0.6,-40,1,-0.0395104141859605,0.0124515913974512,200
NIBRS,aggshare,Raw,None,imputation,0.6,-40,0.99,-0.0362250270318364,0.0166622491930798,200
NIBRS,aggshare,Raw,None,cs,0.7,-30,1,-0.0295895606421124,0.0120580977675256,200
NIBRS,aggshare,Raw,None,imputation,0.7,-30,0.005,-0.0263041734879882,0.0166162715697124,200
NIBRS,aggshare,Raw,None,cs,0.8,-20,0.125,-0.0192819382623232,0.011810680817229,200
NIBRS,aggshare,Raw,None,imputation,0.8,-20,0,-0.015996551108199,0.0165675029398077,200
NIBRS,aggshare,Raw,None,cs,0.9,-10,0,-0.00907417124975372,0.0115424739931483,200
NIBRS,aggshare,Raw,None,imputation,0.9,-10,0,-0.00578878409562957,0.0165537249464514,200
NIBRS,aggshare,Raw,None,cs,1,0,0,0.00109740240603195,0.0116542831943577,200
NIBRS,aggshare,Raw,None,imputation,1,0,0,0.0043827895601561,0.0165969232891841,200
NIBRS,aggshare,Raw,None,cs,1.1,10,0,0.0112415235412592,0.0118745445023542,200
NIBRS,aggshare,Raw,None,imputation,1.1,10,0,0.0145269106953834,0.0166248445788108,200
NIBRS,aggshare,Raw,None,cs,1.2,20,0.31,0.021815909457129,0.0121226555543239,200
NIBRS,aggshare,Raw,None,imputation,1.2,20,0.01,0.0251012966112531,0.0166699082858302,200
NIBRS,aggshare,Raw,None,cs,1.3,30,0.965,0.0317202856081642,0.0126189288715848,200
NIBRS,aggshare,Raw,None,imputation,1.3,30,0.715,0.0350056727622883,0.0167255511019477,200
NIBRS,aggshare,Raw,None,cs,1.4,40,1,0.041743915046347,0.0132647438967593,200
NIBRS,aggshare,Raw,None,imputation,1.4,40,0.99,0.0450293022004711,0.0168365882897923,200
NIBRS,aggshare,Raw,None,cs,1.5,50,1,0.0520997780977233,0.014025512880268,200
NIBRS,aggshare,Raw,None,imputation,1.5,50,1,0.0553851652518475,0.0169743833711376,200
NIBRS,aggshare,IHS,None,cs,0.5,-50,1,-0.0496978260789063,0.0130438623285168,200
NIBRS,aggshare,IHS,None,imputation,0.5,-50,1,-0.0464124389247822,0.016741040650059,200
NIBRS,aggshare,IHS,None,cs,0.6,-40,1,-0.0394793647358823,0.0124521269211551,200
NIBRS,aggshare,IHS,None,imputation,0.6,-40,0.985,-0.0361939775817582,0.016663030906379,200
NIBRS,aggshare,IHS,None,cs,0.7,-30,0.99,-0.0295647336386569,0.0120799128778528,200
NIBRS,aggshare,IHS,None,imputation,0.7,-30,0,-0.0262793464845327,0.016604516730977,200
NIBRS,aggshare,IHS,None,cs,0.8,-20,0.085,-0.019010744659375,0.0117325492849446,200
NIBRS,aggshare,IHS,None,imputation,0.8,-20,0,-0.0157253575052508,0.0165831186019852,200
NIBRS,aggshare,IHS,None,cs,0.9,-10,0,-0.0090857393697984,0.0116707038707472,200
NIBRS,aggshare,IHS,None,imputation,0.9,-10,0,-0.00580035221567425,0.0165646071756736,200
NIBRS,aggshare,IHS,None,cs,1,0,0,0.000933577664324207,0.0116803362400261,200
NIBRS,aggshare,IHS,None,imputation,1,0,0,0.00421896481844836,0.0165720397357478,200
NIBRS,aggshare,IHS,None,cs,1.1,10,0,0.0113295202528532,0.0118155981174682,200
NIBRS,aggshare,IHS,None,imputation,1.1,10,0,0.0146149074069773,0.0166079365689773,200
NIBRS,aggshare,IHS,None,cs,1.2,20,0.17,0.0208893963341849,0.0122566770967401,200
NIBRS,aggshare,IHS,None,imputation,1.2,20,0.005,0.0241747834883091,0.0166775861739934,200
NIBRS,aggshare,IHS,None,cs,1.3,30,0.955,0.0312957495477201,0.0126799586054941,200
NIBRS,aggshare,IHS,None,imputation,1.3,30,0.685,0.0345811367018442,0.0167802912548843,200
NIBRS,aggshare,IHS,None,cs,1.4,40,1,0.0409830449719265,0.013277243399364,200
NIBRS,aggshare,IHS,None,imputation,1.4,40,0.995,0.0442684321260506,0.0168570462140369,200
NIBRS,aggshare,IHS,None,cs,1.5,50,1,0.0511147955584828,0.0139615553228192,200
NIBRS,aggshare,IHS,None,imputation,1.5,50,1,0.054400182712607,0.0169678928001849,200
NIBRS,aggshare,Raw,Econ+Crime,cs,0.5,-50,1,-0.0562059594714418,0.0115981583892423,200
NIBRS,aggshare,Raw,Econ+Crime,imputation,0.5,-50,1,-0.0386840811470692,0.00783323937318864,200
NIBRS,aggshare,Raw,Econ+Crime,cs,0.6,-40,1,-0.0449261259015868,0.0102498195060725,200
NIBRS,aggshare,Raw,Econ+Crime,imputation,0.6,-40,1,-0.0287658358793108,0.00800427400619368,200
NIBRS,aggshare,Raw,Econ+Crime,cs,0.7,-30,1,-0.0330468928587936,0.00886596305162181,200
NIBRS,aggshare,Raw,Econ+Crime,imputation,0.7,-30,0.57,-0.0184198276887156,0.00813998247676577,200
NIBRS,aggshare,Raw,Econ+Crime,cs,0.8,-20,0.865,-0.0211132197469801,0.00770223222172018,200
NIBRS,aggshare,Raw,Econ+Crime,imputation,0.8,-20,0.01,-0.00818675144217972,0.00845719654566119,200
NIBRS,aggshare,Raw,Econ+Crime,cs,0.9,-10,0.275,-0.00950564969190004,0.00710363946176838,200
NIBRS,aggshare,Raw,Econ+Crime,imputation,0.9,-10,0,0.00192160713921973,0.00879911327581661,200
NIBRS,aggshare,Raw,Econ+Crime,cs,1,0,0,0.00170508250556985,0.0068187096728695,200
NIBRS,aggshare,Raw,Econ+Crime,imputation,1,0,0.405,0.011754382006838,0.00907576326619386,200
NIBRS,aggshare,Raw,Econ+Crime,cs,1.1,10,0.49,0.013336098688062,0.00692190921617556,200
NIBRS,aggshare,Raw,Econ+Crime,imputation,1.1,10,0.505,0.0220562822589956,0.00957886016139772,200
NIBRS,aggshare,Raw,Econ+Crime,cs,1.2,20,0.97,0.0251723396818768,0.00748879325187836,200
NIBRS,aggshare,Raw,Econ+Crime,imputation,1.2,20,0.875,0.0324277913524033,0.00996089764985726,200
NIBRS,aggshare,Raw,Econ+Crime,cs,1.3,30,1,0.0365534835269587,0.00855912180732583,200
NIBRS,aggshare,Raw,Econ+Crime,imputation,1.3,30,0.995,0.0422350171271666,0.01051582025484,200
NIBRS,aggshare,Raw,Econ+Crime,cs,1.4,40,1,0.0482705516473167,0.00984428361341724,200
NIBRS,aggshare,Raw,Econ+Crime,imputation,1.4,40,1,0.0523262512892343,0.0109249535622013,200
NIBRS,aggshare,Raw,Econ+Crime,cs,1.5,50,1,0.0603419226756181,0.011101818068028,200
NIBRS,aggshare,Raw,Econ+Crime,imputation,1.5,50,1,0.0629092637484942,0.0114959629416256,200
NIBRS,aggshare,IHS,Econ+Crime,cs,0.5,-50,1,-0.0559367159062082,0.0115071884173195,200
NIBRS,aggshare,IHS,Econ+Crime,imputation,0.5,-50,1,-0.0450109329911382,0.00785596774564538,200
NIBRS,aggshare,IHS,Econ+Crime,cs,0.6,-40,1,-0.0445455779389476,0.0100812574198063,200
NIBRS,aggshare,IHS,Econ+Crime,imputation,0.6,-40,1,-0.0338174672113432,0.00803960882952342,200
NIBRS,aggshare,IHS,Econ+Crime,cs,0.7,-30,1,-0.0328417038406146,0.00877991741827807,200
NIBRS,aggshare,IHS,Econ+Crime,imputation,0.7,-30,0.575,-0.02239394727346,0.008227380912767,200
NIBRS,aggshare,IHS,Econ+Crime,cs,0.8,-20,0.89,-0.0213882562252852,0.0077130988053233,200
NIBRS,aggshare,IHS,Econ+Crime,imputation,0.8,-20,0.375,-0.0108543284855394,0.0084918159388175,200
NIBRS,aggshare,IHS,Econ+Crime,cs,0.9,-10,0.235,-0.00962474112320202,0.00700458048438785,200
NIBRS,aggshare,IHS,Econ+Crime,imputation,0.9,-10,0,0.000643444485054068,0.00880990464791592,200
NIBRS,aggshare,IHS,Econ+Crime,cs,1,0,0,0.00192403112512681,0.00663599202035537,200
NIBRS,aggshare,IHS,Econ+Crime,imputation,1,0,0.44,0.0117934728388062,0.00914371322873896,200
NIBRS,aggshare,IHS,Econ+Crime,cs,1.1,10,0.51,0.0135486359836156,0.00689224186364779,200
NIBRS,aggshare,IHS,Econ+Crime,imputation,1.1,10,0.58,0.0234182529774803,0.00950991314022312,200
NIBRS,aggshare,IHS,Econ+Crime,cs,1.2,20,0.99,0.0251849941580818,0.00732897919251954,200
NIBRS,aggshare,IHS,Econ+Crime,imputation,1.2,20,0.995,0.0345984260521357,0.009930964166255,200
NIBRS,aggshare,IHS,Econ+Crime,cs,1.3,30,0.995,0.0359393412806453,0.00838059524695982,200
NIBRS,aggshare,IHS,Econ+Crime,imputation,1.3,30,1,0.0457902862142142,0.0102242625881682,200
NIBRS,aggshare,IHS,Econ+Crime,cs,1.4,40,1,0.0481525003224075,0.00941353679586928,200
NIBRS,aggshare,IHS,Econ+Crime,imputation,1.4,40,1,0.0574650814475942,0.0107415195094758,200
NIBRS,aggshare,IHS,Econ+Crime,cs,1.5,50,1,0.0590665939479752,0.0106784050316781,200
NIBRS,aggshare,IHS,Econ+Crime,imputation,1.5,50,1,0.0684575158679087,0.011218357795179,200
NIBRS,aggshare,Raw,Econ+Crime+DV,cs,0.5,-50,0.97,-0.0558075636365858,0.0178359334770484,200
NIBRS,aggshare,Raw,Econ+Crime+DV,imputation,0.5,-50,1,-0.0309095566161185,0.0079264016345293,200
NIBRS,aggshare,Raw,Econ+Crime+DV,cs,0.6,-40,0.98,-0.0436304605329706,0.014189304064477,200
NIBRS,aggshare,Raw,Econ+Crime+DV,imputation,0.6,-40,0.985,-0.0197177295294161,0.00806303808297616,200
NIBRS,aggshare,Raw,Econ+Crime+DV,cs,0.7,-30,0.91,-0.0326891912222658,0.011249368481744,200
NIBRS,aggshare,Raw,Econ+Crime+DV,imputation,0.7,-30,0,-0.00883693289747937,0.00819465361003972,200
NIBRS,aggshare,Raw,Econ+Crime+DV,cs,0.8,-20,0.78,-0.0208201135192141,0.00828777400845064,200
NIBRS,aggshare,Raw,Econ+Crime+DV,imputation,0.8,-20,0,0.00221780140274365,0.00841987790851609,200
NIBRS,aggshare,Raw,Econ+Crime+DV,cs,0.9,-10,0.36,-0.00847585291365525,0.0061951314705362,200
NIBRS,aggshare,Raw,Econ+Crime+DV,imputation,0.9,-10,0.045,0.0131409103727415,0.00866415747804365,200
NIBRS,aggshare,Raw,Econ+Crime+DV,cs,1,0,0.15,0.00294375863559172,0.00622713730518483,200
NIBRS,aggshare,Raw,Econ+Crime+DV,imputation,1,0,0.99,0.0239801638213068,0.00900663387525706,200
NIBRS,aggshare,Raw,Econ+Crime+DV,cs,1.1,10,0.515,0.0138985438304398,0.00746160674047715,200
NIBRS,aggshare,Raw,Econ+Crime+DV,imputation,1.1,10,1,0.0351680416834809,0.00940394359965097,200
NIBRS,aggshare,Raw,Econ+Crime+DV,cs,1.2,20,0.775,0.0264510639100628,0.00999882145000557,200
NIBRS,aggshare,Raw,Econ+Crime+DV,imputation,1.2,20,1,0.0460943915131794,0.00975946491069178,200
NIBRS,aggshare,Raw,Econ+Crime+DV,cs,1.3,30,0.82,0.0381229311429878,0.0138020788643048,200
NIBRS,aggshare,Raw,Econ+Crime+DV,imputation,1.3,30,1,0.0566241522185006,0.010157656315834,200
NIBRS,aggshare,Raw,Econ+Crime+DV,cs,1.4,40,0.89,0.0495699091789667,0.0167594528088469,200
NIBRS,aggshare,Raw,Econ+Crime+DV,imputation,1.4,40,1,0.067740972299878,0.0105797260231239,200
NIBRS,aggshare,Raw,Econ+Crime+DV,cs,1.5,50,0.87,0.0614739595027896,0.0208827113863788,200
NIBRS,aggshare,Raw,Econ+Crime+DV,imputation,1.5,50,1,0.0787406229269608,0.0110395350464171,200
NIBRS,aggshare,IHS,Econ+Crime+DV,cs,0.5,-50,0.985,-0.0557436775606237,0.0174247046504661,200
NIBRS,aggshare,IHS,Econ+Crime+DV,imputation,0.5,-50,1,-0.0307763798612662,0.00794653754131232,200
NIBRS,aggshare,IHS,Econ+Crime+DV,cs,0.6,-40,0.935,-0.0431931363987331,0.014323077813739,200
NIBRS,aggshare,IHS,Econ+Crime+DV,imputation,0.6,-40,0.995,-0.0196887455089935,0.00805583320721316,200
NIBRS,aggshare,IHS,Econ+Crime+DV,cs,0.7,-30,0.915,-0.0314703266729254,0.0108115022135254,200
NIBRS,aggshare,IHS,Econ+Crime+DV,imputation,0.7,-30,0,-0.00877662446747455,0.0081751731709479,200
NIBRS,aggshare,IHS,Econ+Crime+DV,cs,0.8,-20,0.75,-0.0208342213387521,0.00832256219414848,200
NIBRS,aggshare,IHS,Econ+Crime+DV,imputation,0.8,-20,0,0.00215715598591213,0.00842181407909614,200
NIBRS,aggshare,IHS,Econ+Crime+DV,cs,0.9,-10,0.365,-0.00846856833578272,0.00618403160953187,200
NIBRS,aggshare,IHS,Econ+Crime+DV,imputation,0.9,-10,0.04,0.0132068255095203,0.00868492686611987,200
NIBRS,aggshare,IHS,Econ+Crime+DV,cs,1,0,0.115,0.00287399708620973,0.00597222714464722,200
NIBRS,aggshare,IHS,Econ+Crime+DV,imputation,1,0,1,0.0240590230762385,0.0089865551536417,200
NIBRS,aggshare,IHS,Econ+Crime+DV,cs,1.1,10,0.555,0.0147008206891631,0.00744398008473897,200
NIBRS,aggshare,IHS,Econ+Crime+DV,imputation,1.1,10,1,0.0347759868133088,0.00931921832884521,200
NIBRS,aggshare,IHS,Econ+Crime+DV,cs,1.2,20,0.755,0.0263768272085817,0.0098269957984803,200
NIBRS,aggshare,IHS,Econ+Crime+DV,imputation,1.2,20,1,0.0457212404337169,0.00967599710007828,200
NIBRS,aggshare,IHS,Econ+Crime+DV,cs,1.3,30,0.82,0.0369822143513681,0.0132242813397478,200
NIBRS,aggshare,IHS,Econ+Crime+DV,imputation,1.3,30,1,0.0559692066042177,0.010023529922803,200
NIBRS,aggshare,IHS,Econ+Crime+DV,cs,1.4,40,0.88,0.0490607511866367,0.0166679377990339,200
NIBRS,aggshare,IHS,Econ+Crime+DV,imputation,1.4,40,1,0.0670103187240634,0.0105115095583023,200
NIBRS,aggshare,IHS,Econ+Crime+DV,cs,1.5,50,0.925,0.060589525646705,0.0182249589180239,200
NIBRS,aggshare,IHS,Econ+Crime+DV,imputation,1.5,50,1,0.0773757736020496,0.0108861580021198,200
NIBRS,sim_18,Raw,None,cs,0.5,-50,0.535,-127.523897971517,64.9785843516283,200
NIBRS,sim_18,Raw,None,imputation,0.5,-50,0,-103.050361253186,67.3367480629895,200
NIBRS,sim_18,Raw,None,cs,0.6,-40,0.035,-103.004359733865,59.5634841445077,200
NIBRS,sim_18,Raw,None,imputation,0.6,-40,0,-78.530823015534,64.8774750815484,200
NIBRS,sim_18,Raw,None,cs,0.7,-30,0,-77.9422011162543,56.5223288248432,200
NIBRS,sim_18,Raw,None,imputation,0.7,-30,0,-53.4686643979235,62.813756814051,200
NIBRS,sim_18,Raw,None,cs,0.8,-20,0,-54.0724170661435,54.6670190755591,200
NIBRS,sim_18,Raw,None,imputation,0.8,-20,0,-29.5988803478126,61.3507849748302,200
NIBRS,sim_18,Raw,None,cs,0.9,-10,0,-28.2124195627378,54.5421525545696,200
NIBRS,sim_18,Raw,None,imputation,0.9,-10,0,-3.73888284440697,60.4348651920515,200
NIBRS,sim_18,Raw,None,cs,1,0,0,-3.45941072197906,54.195828021304,200
NIBRS,sim_18,Raw,None,imputation,1,0,0,21.0141259963518,60.1903659018169,200
NIBRS,sim_18,Raw,None,cs,1.1,10,0,22.2598229429726,54.5562005545527,200
NIBRS,sim_18,Raw,None,imputation,1.1,10,0,46.7333596613034,60.5231310399808,200
NIBRS,sim_18,Raw,None,cs,1.2,20,0,45.6382082326132,55.0051428552009,200
NIBRS,sim_18,Raw,None,imputation,1.2,20,0,70.1117449509441,61.4976563328374,200
NIBRS,sim_18,Raw,None,cs,1.3,30,0,70.9011612365887,57.0144598241687,200
NIBRS,sim_18,Raw,None,imputation,1.3,30,0.025,95.3746979549196,62.9175174634649,200
NIBRS,sim_18,Raw,None,cs,1.4,40,0.095,97.1361901944216,61.1819397367042,200
NIBRS,sim_18,Raw,None,imputation,1.4,40,0.27,121.609726912752,64.8588714826323,200
NIBRS,sim_18,Raw,None,cs,1.5,50,0.27,121.822457908275,66.4783548830926,200
NIBRS,sim_18,Raw,None,imputation,1.5,50,0.825,146.295994626606,67.6041730457321,200
NIBRS,sim_18,IHS,None,cs,0.5,-50,0,-10.3152850812631,53.0328506981489,200
NIBRS,sim_18,IHS,None,imputation,0.5,-50,,Inf,,200
NIBRS,sim_18,IHS,None,cs,0.6,-40,0,-10.9155621455505,52.9679295559777,200
NIBRS,sim_18,IHS,None,imputation,0.6,-40,,Inf,,200
NIBRS,sim_18,IHS,None,cs,0.7,-30,0,-9.35981936849892,52.6316126830507,200
NIBRS,sim_18,IHS,None,imputation,0.7,-30,,Inf,,200
NIBRS,sim_18,IHS,None,cs,0.8,-20,0,-11.0293260938203,53.0595168670162,200
NIBRS,sim_18,IHS,None,imputation,0.8,-20,,Inf,,200
NIBRS,sim_18,IHS,None,cs,0.9,-10,0,-9.66850801141345,52.5192456252135,200
NIBRS,sim_18,IHS,None,imputation,0.9,-10,,Inf,,200
NIBRS,sim_18,IHS,None,cs,1,0,0,-9.96732755836689,52.9182640815216,200
NIBRS,sim_18,IHS,None,imputation,1,0,,Inf,,200
NIBRS,sim_18,IHS,None,cs,1.1,10,0,-10.9067474221281,53.0905186342279,200
NIBRS,sim_18,IHS,None,imputation,1.1,10,,Inf,,200
NIBRS,sim_18,IHS,None,cs,1.2,20,0,-9.87992783945735,52.8367842867483,200
NIBRS,sim_18,IHS,None,imputation,1.2,20,,Inf,,200
NIBRS,sim_18,IHS,None,cs,1.3,30,0,-9.70419629613317,53.0806245511687,200
NIBRS,sim_18,IHS,None,imputation,1.3,30,,Inf,,200
NIBRS,sim_18,IHS,None,cs,1.4,40,0,-10.3995679990264,52.843053168613,200
NIBRS,sim_18,IHS,None,imputation,1.4,40,,Inf,,200
NIBRS,sim_18,IHS,None,cs,1.5,50,0,-8.37199303570664,53.1330480711442,200
NIBRS,sim_18,IHS,None,imputation,1.5,50,,Inf,,200
NIBRS,sim_18,Raw,Econ+Crime,cs,0.5,-50,1,-184.30401088596,53.3451121071245,200
NIBRS,sim_18,Raw,Econ+Crime,imputation,0.5,-50,0.5,-162.383239784044,75.6780689300046,200
NIBRS,sim_18,Raw,Econ+Crime,cs,0.6,-40,1,-147.600986380703,44.8394340402367,200
NIBRS,sim_18,Raw,Econ+Crime,imputation,0.6,-40,0.5,-129.297335260131,76.822166466283,200
NIBRS,sim_18,Raw,Econ+Crime,cs,0.7,-30,1,-109.967344738181,36.4943636466557,200
NIBRS,sim_18,Raw,Econ+Crime,imputation,0.7,-30,0,-95.8345325913764,78.4754128677795,200
NIBRS,sim_18,Raw,Econ+Crime,cs,0.8,-20,0.915,-72.5024297793042,29.4412464106519,200
NIBRS,sim_18,Raw,Econ+Crime,imputation,0.8,-20,0,-62.4492008686015,80.446850758029,200
NIBRS,sim_18,Raw,Econ+Crime,cs,0.9,-10,0.255,-35.6611187088662,24.6752823213411,200
NIBRS,sim_18,Raw,Econ+Crime,imputation,0.9,-10,0,-28.7659275880912,82.9302370604022,200
NIBRS,sim_18,Raw,Econ+Crime,cs,1,0,0.015,1.46549917267515,23.3666388825838,200
NIBRS,sim_18,Raw,Econ+Crime,imputation,1,0,0,4.44272407631634,85.5498819542358,200
NIBRS,sim_18,Raw,Econ+Crime,cs,1.1,10,0.47,39.3199093302775,26.7489508638446,200
NIBRS,sim_18,Raw,Econ+Crime,imputation,1.1,10,0,37.83676301654,88.7112256216052,200
NIBRS,sim_18,Raw,Econ+Crime,cs,1.2,20,0.565,77.1844565286838,32.0491115740465,200
NIBRS,sim_18,Raw,Econ+Crime,imputation,1.2,20,0,72.0339464401125,91.9058131604931,200
NIBRS,sim_18,Raw,Econ+Crime,cs,1.3,30,0.855,113.890497290596,39.8257846691248,200
NIBRS,sim_18,Raw,Econ+Crime,imputation,1.3,30,0.42,104.726017662386,95.5506835742842,200
NIBRS,sim_18,Raw,Econ+Crime,cs,1.4,40,1,151.230897501131,47.4264287600616,200
NIBRS,sim_18,Raw,Econ+Crime,imputation,1.4,40,0.5,138.874420772919,99.428191727045,200
NIBRS,sim_18,Raw,Econ+Crime,cs,1.5,50,1,188.843455870201,56.5602099654718,200
NIBRS,sim_18,Raw,Econ+Crime,imputation,1.5,50,0.5,171.776220023295,103.379341673332,200
NIBRS,sim_18,IHS,Econ+Crime,cs,0.5,-50,0,1.45760276727345,28.7390729885321,200
NIBRS,sim_18,IHS,Econ+Crime,imputation,0.5,-50,,Inf,,200
NIBRS,sim_18,IHS,Econ+Crime,cs,0.6,-40,0.005,0.813402985685299,28.8894315995317,200
NIBRS,sim_18,IHS,Econ+Crime,imputation,0.6,-40,,Inf,,200
NIBRS,sim_18,IHS,Econ+Crime,cs,0.7,-30,0,2.07045726405991,28.9178159611974,200
NIBRS,sim_18,IHS,Econ+Crime,imputation,0.7,-30,,Inf,,200
NIBRS,sim_18,IHS,Econ+Crime,cs,0.8,-20,0,0.793041845303543,29.1820882189283,200
NIBRS,sim_18,IHS,Econ+Crime,imputation,0.8,-20,,Inf,,200
NIBRS,sim_18,IHS,Econ+Crime,cs,0.9,-10,0,2.43443186132416,28.7648083588082,200
NIBRS,sim_18,IHS,Econ+Crime,imputation,0.9,-10,,Inf,,200
NIBRS,sim_18,IHS,Econ+Crime,cs,1,0,0,1.11616835145115,28.495739064112,200
NIBRS,sim_18,IHS,Econ+Crime,imputation,1,0,,Inf,,200
NIBRS,sim_18,IHS,Econ+Crime,cs,1.1,10,0,1.60192215024809,28.8996753383446,200
NIBRS,sim_18,IHS,Econ+Crime,imputation,1.1,10,,Inf,,200
NIBRS,sim_18,IHS,Econ+Crime,cs,1.2,20,0,1.69774419568423,28.9364533895472,200
NIBRS,sim_18,IHS,Econ+Crime,imputation,1.2,20,,Inf,,200
NIBRS,sim_18,IHS,Econ+Crime,cs,1.3,30,0,1.49403843151967,28.684269642648,200
NIBRS,sim_18,IHS,Econ+Crime,imputation,1.3,30,,Inf,,200
NIBRS,sim_18,IHS,Econ+Crime,cs,1.4,40,0,2.62052330245446,28.773665297761,200
NIBRS,sim_18,IHS,Econ+Crime,imputation,1.4,40,,Inf,,200
NIBRS,sim_18,IHS,Econ+Crime,cs,1.5,50,0.005,2.32775440596478,28.8964411316969,200
NIBRS,sim_18,IHS,Econ+Crime,imputation,1.5,50,,Inf,,200
NIBRS,sim_18,Raw,Econ+Crime+DV,cs,0.5,-50,1,-251.315790974235,28.2147351617937,200
NIBRS,sim_18,Raw,Econ+Crime+DV,imputation,0.5,-50,0.5,-141.875746152426,74.3163827724,200
NIBRS,sim_18,Raw,Econ+Crime+DV,cs,0.6,-40,1,-205.516991485473,22.6376004074881,200
NIBRS,sim_18,Raw,Econ+Crime+DV,imputation,0.6,-40,0.5,-107.34151063555,75.6410511739848,200
NIBRS,sim_18,Raw,Econ+Crime+DV,cs,0.7,-30,1,-157.960137262036,17.8770983089916,200
NIBRS,sim_18,Raw,Econ+Crime+DV,imputation,0.7,-30,0,-71.9000600250783,77.3802259698084,200
NIBRS,sim_18,Raw,Econ+Crime+DV,cs,0.8,-20,1,-110.096320482134,14.7672545642845,200
NIBRS,sim_18,Raw,Econ+Crime+DV,imputation,0.8,-20,0,-36.573965447483,79.5124257540245,200
NIBRS,sim_18,Raw,Econ+Crime+DV,cs,0.9,-10,0.985,-64.6899221105006,13.7692641070113,200
NIBRS,sim_18,Raw,Econ+Crime+DV,imputation,0.9,-10,0,-1.55249786965128,82.1081743446959,200
NIBRS,sim_18,Raw,Econ+Crime+DV,cs,1,0,0.275,-17.2441912679212,15.1465075266696,200
NIBRS,sim_18,Raw,Econ+Crime+DV,imputation,1,0,0,33.1308158138417,85.0660176190514,200
NIBRS,sim_18,Raw,Econ+Crime+DV,cs,1.1,10,0.505,29.1800120879795,19.0041525990405,200
NIBRS,sim_18,Raw,Econ+Crime+DV,imputation,1.1,10,0,68.4091031725399,88.0919507165531,200
NIBRS,sim_18,Raw,Econ+Crime+DV,cs,1.2,20,0.73,75.5919257784102,23.2979479215771,200
NIBRS,sim_18,Raw,Econ+Crime+DV,imputation,1.2,20,0.5,102.683012333652,91.8048119391298,200
NIBRS,sim_18,Raw,Econ+Crime+DV,cs,1.3,30,0.89,122.235614428402,28.3434934152871,200
NIBRS,sim_18,Raw,Econ+Crime+DV,imputation,1.3,30,0.5,138.887352786572,95.4562604034149,200
NIBRS,sim_18,Raw,Econ+Crime+DV,cs,1.4,40,0.97,172.988447003949,34.5641563737908,200
NIBRS,sim_18,Raw,Econ+Crime+DV,imputation,1.4,40,0.5,173.907284282833,99.3053710364379,200
NIBRS,sim_18,Raw,Econ+Crime+DV,cs,1.5,50,0.975,216.332586455026,40.4780154191187,200
NIBRS,sim_18,Raw,Econ+Crime+DV,imputation,1.5,50,0.5,209.279970116976,103.503820643077,200
NIBRS,sim_18,IHS,Econ+Crime+DV,cs,0.5,-50,0.33,-17.8529214232881,14.4039213562582,200
NIBRS,sim_18,IHS,Econ+Crime+DV,imputation,0.5,-50,,Inf,,200
NIBRS,sim_18,IHS,Econ+Crime+DV,cs,0.6,-40,0.33,-14.4722021191374,14.4108491889234,200
NIBRS,sim_18,IHS,Econ+Crime+DV,imputation,0.6,-40,,Inf,,200
NIBRS,sim_18,IHS,Econ+Crime+DV,cs,0.7,-30,0.295,-16.4756221672247,15.3775650661583,200
NIBRS,sim_18,IHS,Econ+Crime+DV,imputation,0.7,-30,,Inf,,200
NIBRS,sim_18,IHS,Econ+Crime+DV,cs,0.8,-20,0.36,-17.928666057247,13.928045586487,200
NIBRS,sim_18,IHS,Econ+Crime+DV,imputation,0.8,-20,,Inf,,200
NIBRS,sim_18,IHS,Econ+Crime+DV,cs,0.9,-10,0.315,-15.8937380038261,14.7086186431904,200
NIBRS,sim_18,IHS,Econ+Crime+DV,imputation,0.9,-10,,Inf,,200
NIBRS,sim_18,IHS,Econ+Crime+DV,cs,1,0,0.345,-17.7297388785081,14.0817939436648,200
NIBRS,sim_18,IHS,Econ+Crime+DV,imputation,1,0,,Inf,,200
NIBRS,sim_18,IHS,Econ+Crime+DV,cs,1.1,10,0.33,-16.4880390565078,14.6236631741549,200
NIBRS,sim_18,IHS,Econ+Crime+DV,imputation,1.1,10,,Inf,,200
NIBRS,sim_18,IHS,Econ+Crime+DV,cs,1.2,20,0.315,-16.9259677201743,14.3533875762411,200
NIBRS,sim_18,IHS,Econ+Crime+DV,imputation,1.2,20,,Inf,,200
NIBRS,sim_18,IHS,Econ+Crime+DV,cs,1.3,30,0.32,-16.5008476891805,15.0235747206965,200
NIBRS,sim_18,IHS,Econ+Crime+DV,imputation,1.3,30,,Inf,,200
NIBRS,sim_18,IHS,Econ+Crime+DV,cs,1.4,40,0.375,-16.298298325712,13.602207879684,200
NIBRS,sim_18,IHS,Econ+Crime+DV,imputation,1.4,40,,Inf,,200
NIBRS,sim_18,IHS,Econ+Crime+DV,cs,1.5,50,0.31,-17.4418461369709,15.2364895344033,200
NIBRS,sim_18,IHS,Econ+Crime+DV,imputation,1.5,50,,Inf,,200
SHR,18,Raw,None,cs,0.5,-50,1,-0.926820184751563,0.113119441858727,200
SHR,18,Raw,None,imputation,0.5,-50,1,-1.06214055464656,0.144467700260294,200
SHR,18,Raw,None,cs,0.6,-40,1,-0.729876925682037,0.107949323077036,200
SHR,18,Raw,None,imputation,0.6,-40,1,-0.86519729557703,0.14068500344629,200
SHR,18,Raw,None,cs,0.7,-30,1,-0.530879973540731,0.106268149672932,200
SHR,18,Raw,None,imputation,0.7,-30,1,-0.666200343435725,0.138016365467067,200
SHR,18,Raw,None,cs,0.8,-20,0.96,-0.332486970840622,0.105395505184236,200
SHR,18,Raw,None,imputation,0.8,-20,1,-0.467807340735617,0.135915107557158,200
SHR,18,Raw,None,cs,0.9,-10,0.385,-0.133740377437607,0.107363365801004,200
SHR,18,Raw,None,imputation,0.9,-10,0.51,-0.269060747332601,0.135895768102793,200
SHR,18,Raw,None,cs,1,0,0,0.062683043001328,0.111317031373545,200
SHR,18,Raw,None,imputation,1,0,0,-0.072637326893666,0.13647417491071,200
SHR,18,Raw,None,cs,1.1,10,0.765,0.255501921917061,0.117520182895484,200
SHR,18,Raw,None,imputation,1.1,10,0.005,0.120181552022067,0.138137254881079,200
SHR,18,Raw,None,cs,1.2,20,1,0.458851205607455,0.12563911367912,200
SHR,18,Raw,None,imputation,1.2,20,0.555,0.323530835712461,0.140992398598177,200
SHR,18,Raw,None,cs,1.3,30,1,0.658119350228992,0.135845526474342,200
SHR,18,Raw,None,imputation,1.3,30,0.995,0.522798980333998,0.145179730104731,200
SHR,18,Raw,None,cs,1.4,40,1,0.857212128604313,0.146465431993182,200
SHR,18,Raw,None,imputation,1.4,40,1,0.721891758709319,0.150154280151065,200
SHR,18,Raw,None,cs,1.5,50,1,1.05153283473973,0.157566780030817,200
SHR,18,Raw,None,imputation,1.5,50,1,0.916212464844737,0.155004011131323,200
SHR,18,IHS,None,cs,0.5,-50,1,-0.487357374281119,0.107570142585041,200
SHR,18,IHS,None,imputation,0.5,-50,1,-0.622677744176113,0.1361925066023,200
SHR,18,IHS,None,cs,0.6,-40,0.935,-0.349749898250227,0.108060852378825,200
SHR,18,IHS,None,imputation,0.6,-40,1,-0.485070268145221,0.135711798027845,200
SHR,18,IHS,None,cs,0.7,-30,0.5,-0.228637628603612,0.10830715553066,200
SHR,18,IHS,None,imputation,0.7,-30,0.98,-0.363957998498606,0.135807423355525,200
SHR,18,IHS,None,cs,0.8,-20,0.37,-0.120693062310433,0.110073058818334,200
SHR,18,IHS,None,imputation,0.8,-20,0.435,-0.256013432205427,0.136155034475326,200
SHR,18,IHS,None,cs,0.9,-10,0,-0.0220840299511983,0.110901722734475,200
SHR,18,IHS,None,imputation,0.9,-10,0.02,-0.157404399846192,0.135963690708128,200
SHR,18,IHS,None,cs,1,0,0,0.0611471320162111,0.111316078176026,200
SHR,18,IHS,None,imputation,1,0,0,-0.0741732378787829,0.13602057398355,200
SHR,18,IHS,None,cs,1.1,10,0,0.144598164855754,0.112331758756664,200
SHR,18,IHS,None,imputation,1.1,10,0,0.00927779496075988,0.136208808240806,200
SHR,18,IHS,None,cs,1.2,20,0.43,0.214192121873236,0.112794803078421,200
SHR,18,IHS,None,imputation,1.2,20,0,0.0788717519782419,0.136510120101791,200
SHR,18,IHS,None,cs,1.3,30,0.945,0.286088429821306,0.113089672448227,200
SHR,18,IHS,None,imputation,1.3,30,0.05,0.150768059926312,0.136593538755389,200
SHR,18,IHS,None,cs,1.4,40,1,0.351590118234613,0.114033231033715,200
SHR,18,IHS,None,imputation,1.4,40,0.405,0.216269748339618,0.137328626206658,200
SHR,18,IHS,None,cs,1.5,50,1,0.413088629337133,0.115311967076505,200
SHR,18,IHS,None,imputation,1.5,50,0.5,0.277768259442139,0.137732212255004,200
SHR,18,Raw,Econ+Crime,cs,0.5,-50,1,-0.948312236686321,0.0984192890654188,200
SHR,18,Raw,Econ+Crime,imputation,0.5,-50,1,-1.02735248968567,0.0777212887474245,200
SHR,18,Raw,Econ+Crime,cs,0.6,-40,1,-0.744018929578325,0.0927864858932807,200
SHR,18,Raw,Econ+Crime,imputation,0.6,-40,1,-0.823980018181375,0.0774830563905803,200
SHR,18,Raw,Econ+Crime,cs,0.7,-30,1,-0.539106751201207,0.0877001455258499,200
SHR,18,Raw,Econ+Crime,imputation,0.7,-30,1,-0.619816276148358,0.0798280549641279,200
SHR,18,Raw,Econ+Crime,cs,0.8,-20,0.97,-0.339738649416593,0.0870590028472694,200
SHR,18,Raw,Econ+Crime,imputation,0.8,-20,1,-0.422797508004144,0.0834374412274184,200
SHR,18,Raw,Econ+Crime,cs,0.9,-10,0.5,-0.133636335374762,0.0887801598638318,200
SHR,18,Raw,Econ+Crime,imputation,0.9,-10,0.695,-0.217021439652401,0.0879644898320893,200
SHR,18,Raw,Econ+Crime,cs,1,0,0.005,0.0726274208954857,0.0928270776940511,200
SHR,18,Raw,Econ+Crime,imputation,1,0,0,-0.0130405079241179,0.0955688830634792,200
SHR,18,Raw,Econ+Crime,cs,1.1,10,0.975,0.270855117590187,0.100848070130648,200
SHR,18,Raw,Econ+Crime,imputation,1.1,10,0.5,0.185395801518549,0.103268332272227,200
SHR,18,Raw,Econ+Crime,cs,1.2,20,1,0.474204094131222,0.11033483712402,200
SHR,18,Raw,Econ+Crime,imputation,1.2,20,0.825,0.387063448837198,0.112448038718592,200
SHR,18,Raw,Econ+Crime,cs,1.3,30,1,0.678072469145283,0.121347362488688,200
SHR,18,Raw,Econ+Crime,imputation,1.3,30,1,0.589509923843295,0.121621444092163,200
SHR,18,Raw,Econ+Crime,cs,1.4,40,1,0.880234806242251,0.132992535904605,200
SHR,18,Raw,Econ+Crime,imputation,1.4,40,1,0.791150516591166,0.13092538059082,200
SHR,18,Raw,Econ+Crime,cs,1.5,50,1,1.08407785010375,0.146803958474201,200
SHR,18,Raw,Econ+Crime,imputation,1.5,50,1,0.994531675065875,0.141424788492593,200
SHR,18,IHS,Econ+Crime,cs,0.5,-50,1,-0.49338724464687,0.0911205338475722,200
SHR,18,IHS,Econ+Crime,imputation,0.5,-50,1,-0.576010184924519,0.0854662207549231,200
SHR,18,IHS,Econ+Crime,cs,0.6,-40,0.875,-0.350209421040215,0.0912331228594584,200
SHR,18,IHS,Econ+Crime,imputation,0.6,-40,1,-0.433228155695744,0.0880484763117498,200
SHR,18,IHS,Econ+Crime,cs,0.7,-30,0.5,-0.229268302147868,0.0911047904662098,200
SHR,18,IHS,Econ+Crime,imputation,0.7,-30,1,-0.313149292085479,0.0900227176368347,200
SHR,18,IHS,Econ+Crime,cs,0.8,-20,0.5,-0.118299164527528,0.0913692700574632,200
SHR,18,IHS,Econ+Crime,imputation,0.8,-20,0.56,-0.20198142648692,0.0921677086797541,200
SHR,18,IHS,Econ+Crime,cs,0.9,-10,0.265,-0.0221264569423971,0.0922763596145067,200
SHR,18,IHS,Econ+Crime,imputation,0.9,-10,0.105,-0.106553634655385,0.0938850958580013,200
SHR,18,IHS,Econ+Crime,cs,1,0,0.005,0.0679587906499608,0.0933077855144864,200
SHR,18,IHS,Econ+Crime,imputation,1,0,0,-0.0166075501476398,0.0959403322289431,200
SHR,18,IHS,Econ+Crime,cs,1.1,10,0.205,0.152217267602816,0.0939340448282492,200
SHR,18,IHS,Econ+Crime,imputation,1.1,10,0.395,0.0675594175065575,0.0970572297425609,200
SHR,18,IHS,Econ+Crime,cs,1.2,20,0.915,0.225583338317969,0.0939862842405733,200
SHR,18,IHS,Econ+Crime,imputation,1.2,20,0.5,0.14021119809522,0.0984477388137137,200
SHR,18,IHS,Econ+Crime,cs,1.3,30,1,0.292733439511852,0.0958091872921622,200
SHR,18,IHS,Econ+Crime,imputation,1.3,30,0.5,0.209290530973173,0.100132240726118,200
SHR,18,IHS,Econ+Crime,cs,1.4,40,1,0.36073872412624,0.0960369883345343,200
SHR,18,IHS,Econ+Crime,imputation,1.4,40,0.52,0.276150774665861,0.100045927730548,200
SHR,18,IHS,Econ+Crime,cs,1.5,50,1,0.424013436174415,0.096706110099071,200
SHR,18,IHS,Econ+Crime,imputation,1.5,50,0.715,0.338588500365844,0.101597654188902,200
SHR,18,Raw,Econ+Crime+DV,cs,0.5,-50,1,-0.874122976186193,0.109878810105803,200
SHR,18,Raw,Econ+Crime+DV,imputation,0.5,-50,1,-1.09235835959459,0.0776799905024362,200
SHR,18,Raw,Econ+Crime+DV,cs,0.6,-40,1,-0.678376614037768,0.0999914849572484,200
SHR,18,Raw,Econ+Crime+DV,imputation,0.6,-40,1,-0.894687193342032,0.0777738154323211,200
SHR,18,Raw,Econ+Crime+DV,cs,0.7,-30,1,-0.478545199662227,0.0927488548355609,200
SHR,18,Raw,Econ+Crime+DV,imputation,0.7,-30,1,-0.695622055094282,0.0799583245016784,200
SHR,18,Raw,Econ+Crime+DV,cs,0.8,-20,0.6,-0.287890731630172,0.0889785537236505,200
SHR,18,Raw,Econ+Crime+DV,imputation,0.8,-20,1,-0.500199174559521,0.0841878034685704,200
SHR,18,Raw,Econ+Crime+DV,cs,0.9,-10,0.495,-0.0882829444750285,0.0865630339508461,200
SHR,18,Raw,Econ+Crime+DV,imputation,0.9,-10,0.975,-0.300842927112122,0.089954865050291,200
SHR,18,Raw,Econ+Crime+DV,cs,1,0,0.095,0.105120890708148,0.0907365437987751,200
SHR,18,Raw,Econ+Crime+DV,imputation,1,0,0.305,-0.105008928147114,0.0974659903737135,200
SHR,18,Raw,Econ+Crime+DV,cs,1.1,10,0.97,0.30876819073395,0.0968180734292617,200
SHR,18,Raw,Econ+Crime+DV,imputation,1.1,10,0.5,0.0984400616626292,0.105468690244907,200
SHR,18,Raw,Econ+Crime+DV,cs,1.2,20,1,0.502280272422066,0.107349725637694,200
SHR,18,Raw,Econ+Crime+DV,imputation,1.2,20,0.5,0.293274293498085,0.113555523897018,200
SHR,18,Raw,Econ+Crime+DV,cs,1.3,30,1,0.696575240657337,0.117383151676627,200
SHR,18,Raw,Econ+Crime+DV,imputation,1.3,30,0.84,0.491907065604191,0.124493870702486,200
SHR,18,Raw,Econ+Crime+DV,cs,1.4,40,1,0.894635813082063,0.1330519690227,200
SHR,18,Raw,Econ+Crime+DV,imputation,1.4,40,1,0.684661702619385,0.135060952504147,200
SHR,18,Raw,Econ+Crime+DV,cs,1.5,50,1,1.09100004836398,0.146586788549283,200
SHR,18,Raw,Econ+Crime+DV,imputation,1.5,50,1,0.885950467292316,0.146027029650329,200
SHR,18,IHS,Econ+Crime+DV,cs,0.5,-50,1,-0.439484462820782,0.0901184034065938,200
SHR,18,IHS,Econ+Crime+DV,imputation,0.5,-50,1,-0.652430544570099,0.0866051356665627,200
SHR,18,IHS,Econ+Crime+DV,cs,0.6,-40,0.56,-0.302578707417627,0.0897769697929667,200
SHR,18,IHS,Econ+Crime+DV,imputation,0.6,-40,1,-0.516878715633007,0.0890805420340195,200
SHR,18,IHS,Econ+Crime+DV,cs,0.7,-30,0.5,-0.179038386345875,0.0893446287733061,200
SHR,18,IHS,Econ+Crime+DV,imputation,0.7,-30,1,-0.393215505601935,0.0914550540658055,200
SHR,18,IHS,Econ+Crime+DV,cs,0.8,-20,0.495,-0.0798383550339559,0.0899244304677238,200
SHR,18,IHS,Econ+Crime+DV,imputation,0.8,-20,0.885,-0.290542208042145,0.0933056224379658,200
SHR,18,IHS,Econ+Crime+DV,cs,0.9,-10,0.18,0.0207243389060171,0.0895021309441579,200
SHR,18,IHS,Econ+Crime+DV,imputation,0.9,-10,0.5,-0.190346543116981,0.095278111330282,200
SHR,18,IHS,Econ+Crime+DV,cs,1,0,0.075,0.108824001550199,0.0903126036320915,200
SHR,18,IHS,Econ+Crime+DV,imputation,1,0,0.305,-0.102811140707713,0.0972188301382805,200
SHR,18,IHS,Econ+Crime+DV,cs,1.1,10,0.58,0.188449664167681,0.0915249692986515,200
SHR,18,IHS,Econ+Crime+DV,imputation,1.1,10,0.07,-0.0244896213549966,0.0986869680384357,200
SHR,18,IHS,Econ+Crime+DV,cs,1.2,20,0.925,0.259693282890154,0.092133105411599,200
SHR,18,IHS,Econ+Crime+DV,imputation,1.2,20,0.465,0.0495224659738685,0.100695388526588,200
SHR,18,IHS,Econ+Crime+DV,cs,1.3,30,0.995,0.329086382427086,0.0933101245143725,200
SHR,18,IHS,Econ+Crime+DV,imputation,1.3,30,0.5,0.117818680839494,0.101374475392882,200
SHR,18,IHS,Econ+Crime+DV,cs,1.4,40,1,0.395867522160036,0.0926115933308376,200
SHR,18,IHS,Econ+Crime+DV,imputation,1.4,40,0.5,0.184924073958849,0.102232684385142,200
SHR,18,IHS,Econ+Crime+DV,cs,1.5,50,1,0.456863887192485,0.0953248605186539,200
SHR,18,IHS,Econ+Crime+DV,imputation,1.5,50,0.5,0.247200784402078,0.104065083523474,200
SHR,1849,Raw,None,cs,0.5,-50,1,-1.32660629496071,0.166367940034395,200
SHR,1849,Raw,None,imputation,0.5,-50,1,-1.41299235948594,0.190335694908943,200
SHR,1849,Raw,None,cs,0.6,-40,1,-1.05974246512809,0.160998205857758,200
SHR,1849,Raw,None,imputation,0.6,-40,1,-1.14612852965332,0.185022343268933,200
SHR,1849,Raw,None,cs,0.7,-30,1,-0.788348949560139,0.15897958589708,200
SHR,1849,Raw,None,imputation,0.7,-30,1,-0.874735014085364,0.181825310992149,200
SHR,1849,Raw,None,cs,0.8,-20,1,-0.521260740392638,0.158598559331058,200
SHR,1849,Raw,None,imputation,0.8,-20,1,-0.607646804917864,0.179674446812948,200
SHR,1849,Raw,None,cs,0.9,-10,0.35,-0.253632422306281,0.160400210370951,200
SHR,1849,Raw,None,imputation,0.9,-10,0.375,-0.340018486831507,0.179645670323768,200
SHR,1849,Raw,None,cs,1,0,0,0.0148798421548818,0.165382864450485,200
SHR,1849,Raw,None,imputation,1,0,0,-0.0715062223703441,0.180467084675848,200
SHR,1849,Raw,None,cs,1.1,10,0.255,0.283584934621567,0.171373789403074,200
SHR,1849,Raw,None,imputation,1.1,10,0.005,0.197198870096341,0.182972442352407,200
SHR,1849,Raw,None,cs,1.2,20,1,0.562924223705148,0.182593187507072,200
SHR,1849,Raw,None,imputation,1.2,20,0.915,0.476538159179922,0.186990303508854,200
SHR,1849,Raw,None,cs,1.3,30,1,0.830925879046466,0.193310757347409,200
SHR,1849,Raw,None,imputation,1.3,30,1,0.744539814521241,0.192365188453863,200
SHR,1849,Raw,None,cs,1.4,40,1,1.09811021413246,0.206529569882621,200
SHR,1849,Raw,None,imputation,1.4,40,1,1.01172414960723,0.200219655989244,200
SHR,1849,Raw,None,cs,1.5,50,1,1.36706954655987,0.222347235315952,200
SHR,1849,Raw,None,imputation,1.5,50,1,1.28068348203464,0.208129758356562,200
SHR,1849,IHS,None,cs,0.5,-50,1,-0.562190295379537,0.161388738201264,200
SHR,1849,IHS,None,imputation,0.5,-50,1,-0.648576359904762,0.178907424476333,200
SHR,1849,IHS,None,cs,0.6,-40,0.825,-0.420314875069661,0.162530582857462,200
SHR,1849,IHS,None,imputation,0.6,-40,1,-0.506700939594887,0.179455297513618,200
SHR,1849,IHS,None,cs,0.7,-30,0.43,-0.288036702156556,0.16352848609246,200
SHR,1849,IHS,None,imputation,0.7,-30,0.71,-0.374422766681782,0.179613781408662,200
SHR,1849,IHS,None,cs,0.8,-20,0.03,-0.170917936262039,0.163637554198269,200
SHR,1849,IHS,None,imputation,0.8,-20,0.01,-0.257304000787265,0.180289984736963,200
SHR,1849,IHS,None,cs,0.9,-10,0,-0.0726360624645324,0.164960146932002,200
SHR,1849,IHS,None,imputation,0.9,-10,0,-0.159022126989758,0.179973885512283,200
SHR,1849,IHS,None,cs,1,0,0,0.0200665978488487,0.165708136877966,200
SHR,1849,IHS,None,imputation,1,0,0,-0.0663194666763772,0.180653981150158,200
SHR,1849,IHS,None,cs,1.1,10,0,0.105027762693029,0.16651672606512,200
SHR,1849,IHS,None,imputation,1.1,10,0,0.0186416981678031,0.181246026007934,200
SHR,1849,IHS,None,cs,1.2,20,0.02,0.174590537853455,0.165850985049928,200
SHR,1849,IHS,None,imputation,1.2,20,0,0.0882044733282289,0.181551758036349,200
SHR,1849,IHS,None,cs,1.3,30,0.18,0.249592425899347,0.166850168534776,200
SHR,1849,IHS,None,imputation,1.3,30,0,0.163206361374121,0.181601483237922,200
SHR,1849,IHS,None,cs,1.4,40,0.415,0.318065942513902,0.166686956248092,200
SHR,1849,IHS,None,imputation,1.4,40,0.005,0.231679877988676,0.182527424539293,200
SHR,1849,IHS,None,cs,1.5,50,0.715,0.37942706674351,0.169229142597377,200
SHR,1849,IHS,None,imputation,1.5,50,0.14,0.293041002218284,0.182518177927596,200
SHR,1849,Raw,Econ+Crime,cs,0.5,-50,1,-1.27357617021179,0.141513443813711,200
SHR,1849,Raw,Econ+Crime,imputation,0.5,-50,1,-1.2769725939805,0.100624748553552,200
SHR,1849,Raw,Econ+Crime,cs,0.6,-40,1,-1.0086412677016,0.134835132092703,200
SHR,1849,Raw,Econ+Crime,imputation,0.6,-40,1,-1.00832842245042,0.101690277663394,200
SHR,1849,Raw,Econ+Crime,cs,0.7,-30,1,-0.737272086334445,0.128571397064385,200
SHR,1849,Raw,Econ+Crime,imputation,0.7,-30,1,-0.735649426704169,0.105712229764807,200
SHR,1849,Raw,Econ+Crime,cs,0.8,-20,0.995,-0.465967364006347,0.128964332227915,200
SHR,1849,Raw,Econ+Crime,imputation,0.8,-20,1,-0.463465918155993,0.111067062913775,200
SHR,1849,Raw,Econ+Crime,cs,0.9,-10,0.48,-0.198509637810614,0.129951337588724,200
SHR,1849,Raw,Econ+Crime,imputation,0.9,-10,0.3,-0.194026259789576,0.118248683130743,200
SHR,1849,Raw,Econ+Crime,cs,1,0,0,0.0697074932080501,0.135204663335465,200
SHR,1849,Raw,Econ+Crime,imputation,1,0,0.185,0.0754671743065418,0.128482233870607,200
SHR,1849,Raw,Econ+Crime,cs,1.1,10,0.79,0.333301651629051,0.143532743589165,200
SHR,1849,Raw,Econ+Crime,imputation,1.1,10,0.5,0.341665788322147,0.139919496847342,200
SHR,1849,Raw,Econ+Crime,cs,1.2,20,1,0.607382780952095,0.154505640508722,200
SHR,1849,Raw,Econ+Crime,imputation,1.2,20,1,0.619177249591593,0.151480815950109,200
SHR,1849,Raw,Econ+Crime,cs,1.3,30,1,0.883411358751834,0.166757822472547,200
SHR,1849,Raw,Econ+Crime,imputation,1.3,30,1,0.895059844607244,0.163508814094658,200
SHR,1849,Raw,Econ+Crime,cs,1.4,40,1,1.15110081275662,0.183895164445918,200
SHR,1849,Raw,Econ+Crime,imputation,1.4,40,1,1.16428214996211,0.177058381576533,200
SHR,1849,Raw,Econ+Crime,cs,1.5,50,1,1.4124576478006,0.199866751396586,200
SHR,1849,Raw,Econ+Crime,imputation,1.5,50,1,1.43012302806992,0.191359263683355,200
SHR,1849,IHS,Econ+Crime,cs,0.5,-50,0.995,-0.515227765195621,0.134676081356852,200
SHR,1849,IHS,Econ+Crime,imputation,0.5,-50,1,-0.508464103349948,0.117232580994352,200
SHR,1849,IHS,Econ+Crime,cs,0.6,-40,0.63,-0.373390605035902,0.133031187307992,200
SHR,1849,IHS,Econ+Crime,imputation,0.6,-40,1,-0.365305857786781,0.120030703008205,200
SHR,1849,IHS,Econ+Crime,cs,0.7,-30,0.5,-0.237534835727712,0.133571373230168,200
SHR,1849,IHS,Econ+Crime,imputation,0.7,-30,0.445,-0.229413022723082,0.122831106919376,200
SHR,1849,IHS,Econ+Crime,cs,0.8,-20,0.285,-0.124177535652419,0.134869591484987,200
SHR,1849,IHS,Econ+Crime,imputation,0.8,-20,0.01,-0.117948577372315,0.12442122289616,200
SHR,1849,IHS,Econ+Crime,cs,0.9,-10,0.045,-0.0198879418349867,0.135490687086052,200
SHR,1849,IHS,Econ+Crime,imputation,0.9,-10,0.005,-0.0132419053788902,0.126303745113331,200
SHR,1849,IHS,Econ+Crime,cs,1,0,0,0.0702566370838067,0.135358603232749,200
SHR,1849,IHS,Econ+Crime,imputation,1,0,0.155,0.0766038782490251,0.128250655250508,200
SHR,1849,IHS,Econ+Crime,cs,1.1,10,0.04,0.156128356609334,0.136455398627092,200
SHR,1849,IHS,Econ+Crime,imputation,1.1,10,0.485,0.160900929358777,0.130220316055213,200
SHR,1849,IHS,Econ+Crime,cs,1.2,20,0.305,0.232691568052021,0.135773261545997,200
SHR,1849,IHS,Econ+Crime,imputation,1.2,20,0.5,0.237986867410899,0.131884396446651,200
SHR,1849,IHS,Econ+Crime,cs,1.3,30,0.745,0.305952865016223,0.137700999268495,200
SHR,1849,IHS,Econ+Crime,imputation,1.3,30,0.5,0.311719953776894,0.132649792968828,200
SHR,1849,IHS,Econ+Crime,cs,1.4,40,0.94,0.36533588828544,0.137542561760631,200
SHR,1849,IHS,Econ+Crime,imputation,1.4,40,0.545,0.370164330696838,0.134612698787218,200
SHR,1849,IHS,Econ+Crime,cs,1.5,50,0.995,0.431253371472504,0.138137810558987,200
SHR,1849,IHS,Econ+Crime,imputation,1.5,50,0.735,0.43706922657535,0.134603168995877,200
SHR,1849,Raw,Econ+Crime+DV,cs,0.5,-50,1,-1.17807766611944,0.152689385007266,200
SHR,1849,Raw,Econ+Crime+DV,imputation,0.5,-50,1,-1.38860524090309,0.0999015585836569,200
SHR,1849,Raw,Econ+Crime+DV,cs,0.6,-40,1,-0.91989292810981,0.140918302700402,200
SHR,1849,Raw,Econ+Crime+DV,imputation,0.6,-40,1,-1.12469500092468,0.102336278003885,200
SHR,1849,Raw,Econ+Crime+DV,cs,0.7,-30,1,-0.6630335941189,0.131844965084017,200
SHR,1849,Raw,Econ+Crime+DV,imputation,0.7,-30,1,-0.864217804719262,0.10698096095394,200
SHR,1849,Raw,Econ+Crime+DV,cs,0.8,-20,0.765,-0.410360261940558,0.126203602039357,200
SHR,1849,Raw,Econ+Crime+DV,imputation,0.8,-20,1,-0.603297330899221,0.114004143951252,200
SHR,1849,Raw,Econ+Crime+DV,cs,0.9,-10,0.5,-0.157596581357242,0.124726869158429,200
SHR,1849,Raw,Econ+Crime+DV,imputation,0.9,-10,0.655,-0.343688752046651,0.123357664465414,200
SHR,1849,Raw,Econ+Crime+DV,cs,1,0,0.01,0.103385123024835,0.126562553061993,200
SHR,1849,Raw,Econ+Crime+DV,imputation,1,0,0.075,-0.0797019579021404,0.134536949164845,200
SHR,1849,Raw,Econ+Crime+DV,cs,1.1,10,0.885,0.361247170836238,0.132375817847734,200
SHR,1849,Raw,Econ+Crime+DV,imputation,1.1,10,0.5,0.183211755154179,0.146293353526514,200
SHR,1849,Raw,Econ+Crime+DV,cs,1.2,20,1,0.609716041725547,0.145171686507796,200
SHR,1849,Raw,Econ+Crime+DV,imputation,1.2,20,0.5,0.438397471605086,0.159831701077809,200
SHR,1849,Raw,Econ+Crime+DV,cs,1.3,30,1,0.862909558375031,0.16014234235902,200
SHR,1849,Raw,Econ+Crime+DV,imputation,1.3,30,0.775,0.697991651655809,0.173906730826403,200
SHR,1849,Raw,Econ+Crime+DV,cs,1.4,40,1,1.13015599971679,0.175459768158165,200
SHR,1849,Raw,Econ+Crime+DV,imputation,1.4,40,1,0.970410853626446,0.189392106003065,200
SHR,1849,Raw,Econ+Crime+DV,cs,1.5,50,1,1.36212021228195,0.192244779783089,200
SHR,1849,Raw,Econ+Crime+DV,imputation,1.5,50,1,1.21678575935829,0.20401526339578,200
SHR,1849,IHS,Econ+Crime+DV,cs,0.5,-50,0.885,-0.46906171604667,0.127161101461797,200
SHR,1849,IHS,Econ+Crime+DV,imputation,0.5,-50,1,-0.656060955004696,0.121639194649245,200
SHR,1849,IHS,Econ+Crime+DV,cs,0.6,-40,0.5,-0.328060088354678,0.127339892250462,200
SHR,1849,IHS,Econ+Crime+DV,imputation,0.6,-40,1,-0.510912638153804,0.124395758220579,200
SHR,1849,IHS,Econ+Crime+DV,cs,0.7,-30,0.495,-0.203914872410432,0.125180977522422,200
SHR,1849,IHS,Econ+Crime+DV,imputation,0.7,-30,0.87,-0.386394783133093,0.127686659577617,200
SHR,1849,IHS,Econ+Crime+DV,cs,0.8,-20,0.38,-0.0783054058106445,0.126393389638533,200
SHR,1849,IHS,Econ+Crime+DV,imputation,0.8,-20,0.505,-0.267670546314716,0.130682914622946,200
SHR,1849,IHS,Econ+Crime+DV,cs,0.9,-10,0.085,0.00922708673678473,0.126445835779966,200
SHR,1849,IHS,Econ+Crime+DV,imputation,0.9,-10,0.435,-0.172512649340052,0.132441534377499,200
SHR,1849,IHS,Econ+Crime+DV,cs,1,0,0.01,0.104225854650112,0.126225591995402,200
SHR,1849,IHS,Econ+Crime+DV,imputation,1,0,0.04,-0.0759071655524835,0.134145142980509,200
SHR,1849,IHS,Econ+Crime+DV,cs,1.1,10,0.175,0.184912870051306,0.127695366254415,200
SHR,1849,IHS,Econ+Crime+DV,imputation,1.1,10,0.3,0.00156892154298813,0.136201116856361,200
SHR,1849,IHS,Econ+Crime+DV,cs,1.2,20,0.615,0.263538981629989,0.126204352707307,200
SHR,1849,IHS,Econ+Crime+DV,imputation,1.2,20,0.5,0.080900457555776,0.137956849718477,200
SHR,1849,IHS,Econ+Crime+DV,cs,1.3,30,0.86,0.328713723480723,0.128051197431169,200
SHR,1849,IHS,Econ+Crime+DV,imputation,1.3,30,0.5,0.148011474202,0.13934025893394,200
SHR,1849,IHS,Econ+Crime+DV,cs,1.4,40,0.965,0.392614343928779,0.129052470879533,200
SHR,1849,IHS,Econ+Crime+DV,imputation,1.4,40,0.5,0.208322115226159,0.140420875257484,200
SHR,1849,IHS,Econ+Crime+DV,cs,1.5,50,1,0.451873531751931,0.128418256878791,200
SHR,1849,IHS,Econ+Crime+DV,imputation,1.5,50,0.5,0.271810807824805,0.141951789269655,200
SHR,dv_1849,Raw,None,cs,0.5,-50,1,-0.609386495347406,0.0909882692538041,200
SHR,dv_1849,Raw,None,imputation,0.5,-50,1,-0.633212845247161,0.10005156953065,200
SHR,dv_1849,Raw,None,cs,0.6,-40,1,-0.491978543568128,0.0895620130568842,200
SHR,dv_1849,Raw,None,imputation,0.6,-40,1,-0.515804893467882,0.0993448587238948,200
SHR,dv_1849,Raw,None,cs,0.7,-30,1,-0.373632345675673,0.0881552799281594,200
SHR,dv_1849,Raw,None,imputation,0.7,-30,1,-0.397458695575428,0.0994099029429517,200
SHR,dv_1849,Raw,None,cs,0.8,-20,1,-0.258675205557924,0.0881077292833702,200
SHR,dv_1849,Raw,None,imputation,0.8,-20,0.995,-0.282501555457679,0.100126203026035,200
SHR,dv_1849,Raw,None,cs,0.9,-10,0.155,-0.138549905150324,0.0891410609796978,200
SHR,dv_1849,Raw,None,imputation,0.9,-10,0.29,-0.162376255050079,0.101087868673183,200
SHR,dv_1849,Raw,None,cs,1,0,0,-0.0254482942937438,0.0908535679995864,200
SHR,dv_1849,Raw,None,imputation,1,0,0,-0.0492746441934987,0.103210438792184,200
SHR,dv_1849,Raw,None,cs,1.1,10,0.185,0.0949365590598884,0.0934891912351747,200
SHR,dv_1849,Raw,None,imputation,1.1,10,0,0.0711102091601335,0.105774807829218,200
SHR,dv_1849,Raw,None,cs,1.2,20,0.51,0.217686514102326,0.0974351186419049,200
SHR,dv_1849,Raw,None,imputation,1.2,20,0.28,0.193860164202571,0.1091253601359,200
SHR,dv_1849,Raw,None,cs,1.3,30,0.94,0.321770337023627,0.101833693678136,200
SHR,dv_1849,Raw,None,imputation,1.3,30,0.975,0.297943987123872,0.112568841291938,200
SHR,dv_1849,Raw,None,cs,1.4,40,1,0.448912810000822,0.107126411714573,200
SHR,dv_1849,Raw,None,imputation,1.4,40,1,0.425086460101067,0.116014193856784,200
SHR,dv_1849,Raw,None,cs,1.5,50,1,0.563385635873833,0.112457767820422,200
SHR,dv_1849,Raw,None,imputation,1.5,50,1,0.539559285974078,0.120758224452775,200
SHR,dv_1849,IHS,None,cs,0.5,-50,1,-0.444446701607582,0.0882262934021411,200
SHR,dv_1849,IHS,None,imputation,0.5,-50,1,-0.468273051507336,0.0993802380709913,200
SHR,dv_1849,IHS,None,cs,0.6,-40,1,-0.343363447265898,0.0880457065521245,200
SHR,dv_1849,IHS,None,imputation,0.6,-40,1,-0.367189797165653,0.100010342176789,200
SHR,dv_1849,IHS,None,cs,0.7,-30,1,-0.253181127314921,0.0888555574070655,200
SHR,dv_1849,IHS,None,imputation,0.7,-30,0.97,-0.277007477214676,0.100953432669461,200
SHR,dv_1849,IHS,None,cs,0.8,-20,0.415,-0.169986765862936,0.089314178542926,200
SHR,dv_1849,IHS,None,imputation,0.8,-20,0.52,-0.193813115762691,0.101426555213806,200
SHR,dv_1849,IHS,None,cs,0.9,-10,0.005,-0.0915429610844764,0.0899964510951499,200
SHR,dv_1849,IHS,None,imputation,0.9,-10,0.025,-0.115369310984231,0.102233771294575,200
SHR,dv_1849,IHS,None,cs,1,0,0,-0.0220482241980185,0.0905616716861981,200
SHR,dv_1849,IHS,None,imputation,1,0,0,-0.0458745740977734,0.103192336559983,200
SHR,dv_1849,IHS,None,cs,1.1,10,0.005,0.0409237101369383,0.0917537717523781,200
SHR,dv_1849,IHS,None,imputation,1.1,10,0,0.0170973602371834,0.10413897134317,200
SHR,dv_1849,IHS,None,cs,1.2,20,0.18,0.106187468973158,0.0926020662975142,200
SHR,dv_1849,IHS,None,imputation,1.2,20,0,0.0823611190734027,0.105545950585269,200
SHR,dv_1849,IHS,None,cs,1.3,30,0.43,0.160067218723348,0.0937211675608516,200
SHR,dv_1849,IHS,None,imputation,1.3,30,0.015,0.136240868823593,0.10619795928187,200
SHR,dv_1849,IHS,None,cs,1.4,40,0.56,0.215288328578161,0.0944775124164544,200
SHR,dv_1849,IHS,None,imputation,1.4,40,0.315,0.191461978678406,0.10694558899218,200
SHR,dv_1849,IHS,None,cs,1.5,50,0.83,0.262598140095129,0.0947012731132089,200
SHR,dv_1849,IHS,None,imputation,1.5,50,0.765,0.238771790195374,0.107397765891069,200
SHR,dv_1849,Raw,Econ+Crime,cs,0.5,-50,1,-0.607677824890677,0.0821482981379175,200
SHR,dv_1849,Raw,Econ+Crime,imputation,0.5,-50,1,-0.600352789524842,0.0583794110706002,200
SHR,dv_1849,Raw,Econ+Crime,cs,0.6,-40,1,-0.490897414650748,0.0795814230865304,200
SHR,dv_1849,Raw,Econ+Crime,imputation,0.6,-40,1,-0.483677050674489,0.0595520317303439,200
SHR,dv_1849,Raw,Econ+Crime,cs,0.7,-30,1,-0.369079070804731,0.0781764118717576,200
SHR,dv_1849,Raw,Econ+Crime,imputation,0.7,-30,1,-0.362819896582646,0.0618689993133388,200
SHR,dv_1849,Raw,Econ+Crime,cs,0.8,-20,0.995,-0.245626550141784,0.076772891846657,200
SHR,dv_1849,Raw,Econ+Crime,imputation,0.8,-20,1,-0.241122653766533,0.0648911628254461,200
SHR,dv_1849,Raw,Econ+Crime,cs,0.9,-10,0.275,-0.127251143883328,0.0774897456899041,200
SHR,dv_1849,Raw,Econ+Crime,imputation,0.9,-10,0.465,-0.123662910351357,0.0687673289475595,200
SHR,dv_1849,Raw,Econ+Crime,cs,1,0,0.005,-0.00662731394148918,0.0795226127825309,200
SHR,dv_1849,Raw,Econ+Crime,imputation,1,0,0.005,-0.00336685876467561,0.073445941572256,200
SHR,dv_1849,Raw,Econ+Crime,cs,1.1,10,0.41,0.118683822806263,0.0826857885906164,200
SHR,dv_1849,Raw,Econ+Crime,imputation,1.1,10,0.185,0.11922396771612,0.0786675702063973,200
SHR,dv_1849,Raw,Econ+Crime,cs,1.2,20,0.62,0.233494530423594,0.088001942282746,200
SHR,dv_1849,Raw,Econ+Crime,imputation,1.2,20,0.95,0.235194270786492,0.083979354064773,200
SHR,dv_1849,Raw,Econ+Crime,cs,1.3,30,0.985,0.355436239378933,0.0930626421502377,200
SHR,dv_1849,Raw,Econ+Crime,imputation,1.3,30,1,0.356794128693319,0.0901250599502305,200
SHR,dv_1849,Raw,Econ+Crime,cs,1.4,40,1,0.472457570327008,0.0996253734934048,200
SHR,dv_1849,Raw,Econ+Crime,imputation,1.4,40,1,0.472606054143861,0.0965099690616717,200
SHR,dv_1849,Raw,Econ+Crime,cs,1.5,50,1,0.596699008042401,0.107031202242255,200
SHR,dv_1849,Raw,Econ+Crime,imputation,1.5,50,1,0.594581878320231,0.102513060629556,200
SHR,dv_1849,IHS,Econ+Crime,cs,0.5,-50,1,-0.433106396501208,0.0780115933167288,200
SHR,dv_1849,IHS,Econ+Crime,imputation,0.5,-50,1,-0.428834554794505,0.0630678118989629,200
SHR,dv_1849,IHS,Econ+Crime,cs,0.6,-40,1,-0.331930901532509,0.0774127047343979,200
SHR,dv_1849,IHS,Econ+Crime,imputation,0.6,-40,1,-0.328103056186874,0.0654186167466684,200
SHR,dv_1849,IHS,Econ+Crime,cs,0.7,-30,0.995,-0.237020444230676,0.077550170115439,200
SHR,dv_1849,IHS,Econ+Crime,imputation,0.7,-30,0.985,-0.233854860329174,0.0680091035791715,200
SHR,dv_1849,IHS,Econ+Crime,cs,0.8,-20,0.495,-0.153448188341762,0.0789891148586543,200
SHR,dv_1849,IHS,Econ+Crime,imputation,0.8,-20,0.53,-0.149647345950343,0.0693882127613934,200
SHR,dv_1849,IHS,Econ+Crime,cs,0.9,-10,0.03,-0.0790250188443772,0.0778362949849289,200
SHR,dv_1849,IHS,Econ+Crime,imputation,0.9,-10,0.135,-0.0753492682087826,0.0718241062509435,200
SHR,dv_1849,IHS,Econ+Crime,cs,1,0,0.015,-0.00539456089637766,0.0797013644549664,200
SHR,dv_1849,IHS,Econ+Crime,imputation,1,0,0,-0.00178362056601279,0.0731903380440732,200
SHR,dv_1849,IHS,Econ+Crime,cs,1.1,10,0.155,0.0615215316745809,0.0804334229139225,200
SHR,dv_1849,IHS,Econ+Crime,imputation,1.1,10,0.02,0.0640956535954162,0.0749718700065819,200
SHR,dv_1849,IHS,Econ+Crime,cs,1.2,20,0.44,0.121017364471915,0.0818698831805806,200
SHR,dv_1849,IHS,Econ+Crime,imputation,1.2,20,0.275,0.123072918262586,0.0769635130608757,200
SHR,dv_1849,IHS,Econ+Crime,cs,1.3,30,0.515,0.183490590737705,0.0836161246379959,200
SHR,dv_1849,IHS,Econ+Crime,imputation,1.3,30,0.765,0.186431386289098,0.078463264759549,200
SHR,dv_1849,IHS,Econ+Crime,cs,1.4,40,0.685,0.233742549859415,0.0846836548147176,200
SHR,dv_1849,IHS,Econ+Crime,imputation,1.4,40,0.96,0.236858995320715,0.0797191889829809,200
SHR,dv_1849,IHS,Econ+Crime,cs,1.5,50,0.97,0.288362905537551,0.0856319643791464,200
SHR,dv_1849,IHS,Econ+Crime,imputation,1.5,50,0.995,0.289389316582666,0.08108407336405,200
SHR,dv_1849,Raw,Econ+Crime+DV,cs,0.5,-50,1,-0.533811725954614,0.0746692821461978,200
SHR,dv_1849,Raw,Econ+Crime+DV,imputation,0.5,-50,1,-0.671159315014658,0.0626503725452548,200
SHR,dv_1849,Raw,Econ+Crime+DV,cs,0.6,-40,1,-0.421390457805688,0.0722902253767996,200
SHR,dv_1849,Raw,Econ+Crime+DV,imputation,0.6,-40,1,-0.558155607937527,0.0645981062423649,200
SHR,dv_1849,Raw,Econ+Crime+DV,cs,0.7,-30,1,-0.312952646747662,0.0721732521298933,200
SHR,dv_1849,Raw,Econ+Crime+DV,imputation,0.7,-30,1,-0.446969692862442,0.0676145821493495,200
SHR,dv_1849,Raw,Econ+Crime+DV,cs,0.8,-20,0.615,-0.202034654494053,0.0730011683270553,200
SHR,dv_1849,Raw,Econ+Crime+DV,imputation,0.8,-20,1,-0.335654440239226,0.0715456852275508,200
SHR,dv_1849,Raw,Econ+Crime+DV,cs,0.9,-10,0.415,-0.0909901080037267,0.0757441280095256,200
SHR,dv_1849,Raw,Econ+Crime+DV,imputation,0.9,-10,0.99,-0.222787917673837,0.0758741988435483,200
SHR,dv_1849,Raw,Econ+Crime+DV,cs,1,0,0.005,0.0230218547973953,0.0802182462463866,200
SHR,dv_1849,Raw,Econ+Crime+DV,imputation,1,0,0.11,-0.110602825105188,0.0809232055239485,200
SHR,dv_1849,Raw,Econ+Crime+DV,cs,1.1,10,0.21,0.131721776232991,0.0856705655174475,200
SHR,dv_1849,Raw,Econ+Crime+DV,imputation,1.1,10,0.005,0.000262869800714325,0.0870189693204461,200
SHR,dv_1849,Raw,Econ+Crime+DV,cs,1.2,20,0.9,0.237956884787989,0.0917304868867706,200
SHR,dv_1849,Raw,Econ+Crime+DV,imputation,1.2,20,0.485,0.109065915189907,0.0925647905770365,200
SHR,dv_1849,Raw,Econ+Crime+DV,cs,1.3,30,1,0.350292776445918,0.0990216725995619,200
SHR,dv_1849,Raw,Econ+Crime+DV,imputation,1.3,30,0.51,0.221755603637075,0.0986758576228844,200
SHR,dv_1849,Raw,Econ+Crime+DV,cs,1.4,40,1,0.459385656955191,0.107161408049734,200
SHR,dv_1849,Raw,Econ+Crime+DV,imputation,1.4,40,0.61,0.33225416642722,0.105251495574285,200
SHR,dv_1849,Raw,Econ+Crime+DV,cs,1.5,50,1,0.571509666174538,0.115233286319765,200
SHR,dv_1849,Raw,Econ+Crime+DV,imputation,1.5,50,0.955,0.446315249228082,0.112486167423473,200
SHR,dv_1849,IHS,Econ+Crime+DV,cs,0.5,-50,1,-0.379465921505815,0.0722562677542643,200
SHR,dv_1849,IHS,Econ+Crime+DV,imputation,0.5,-50,1,-0.522408244632594,0.0693303458985454,200
SHR,dv_1849,IHS,Econ+Crime+DV,cs,0.6,-40,1,-0.283000010477989,0.073481059627973,200
SHR,dv_1849,IHS,Econ+Crime+DV,imputation,0.6,-40,1,-0.423946635540332,0.0717763158117289,200
SHR,dv_1849,IHS,Econ+Crime+DV,cs,0.7,-30,0.625,-0.202436312182623,0.0750199637243748,200
SHR,dv_1849,IHS,Econ+Crime+DV,imputation,0.7,-30,1,-0.33820453348872,0.0743535530531837,200
SHR,dv_1849,IHS,Econ+Crime+DV,cs,0.8,-20,0.45,-0.113650847097243,0.0764770376657558,200
SHR,dv_1849,IHS,Econ+Crime+DV,imputation,0.8,-20,1,-0.251821832011373,0.0768144218329481,200
SHR,dv_1849,IHS,Econ+Crime+DV,cs,0.9,-10,0.175,-0.0490991749752118,0.0783448010225207,200
SHR,dv_1849,IHS,Econ+Crime+DV,imputation,0.9,-10,0.77,-0.18162950092805,0.0790039939461507,200
SHR,dv_1849,IHS,Econ+Crime+DV,cs,1,0,0.01,0.0135293775141169,0.0797073816624974,200
SHR,dv_1849,IHS,Econ+Crime+DV,imputation,1,0,0.15,-0.116440998998073,0.0809306505826205,200
SHR,dv_1849,IHS,Econ+Crime+DV,cs,1.1,10,0.025,0.0833421651132378,0.0814750098679269,200
SHR,dv_1849,IHS,Econ+Crime+DV,imputation,1.1,10,0.005,-0.0476681930658604,0.0823330909850549,200
SHR,dv_1849,IHS,Econ+Crime+DV,cs,1.2,20,0.295,0.143039412857025,0.0836046989699677,200
SHR,dv_1849,IHS,Econ+Crime+DV,imputation,1.2,20,0.06,0.012477769571391,0.0848190314504364,200
SHR,dv_1849,IHS,Econ+Crime+DV,cs,1.3,30,0.71,0.194163328562933,0.0852565722803302,200
SHR,dv_1849,IHS,Econ+Crime+DV,imputation,1.3,30,0.44,0.0654868562090628,0.0861857712349467,200
SHR,dv_1849,IHS,Econ+Crime+DV,cs,1.4,40,0.945,0.24776331360564,0.087626397136464,200
SHR,dv_1849,IHS,Econ+Crime+DV,imputation,1.4,40,0.5,0.12007350982026,0.0880886353167402,200
SHR,dv_1849,IHS,Econ+Crime+DV,cs,1.5,50,0.975,0.296348438771769,0.0885724610053368,200
SHR,dv_1849,IHS,Econ+Crime+DV,imputation,1.5,50,0.5,0.170367550058617,0.0891927328930358,200
